/*
SQLyog Professional v12.5.1 (32 bit)
MySQL - 10.1.34-MariaDB : Database - futri
*********************************************************************
*/

/*!40101 SET NAMES utf8 */;

/*!40101 SET SQL_MODE=''*/;

/*!40014 SET @OLD_UNIQUE_CHECKS=@@UNIQUE_CHECKS, UNIQUE_CHECKS=0 */;
/*!40014 SET @OLD_FOREIGN_KEY_CHECKS=@@FOREIGN_KEY_CHECKS, FOREIGN_KEY_CHECKS=0 */;
/*!40101 SET @OLD_SQL_MODE=@@SQL_MODE, SQL_MODE='NO_AUTO_VALUE_ON_ZERO' */;
/*!40111 SET @OLD_SQL_NOTES=@@SQL_NOTES, SQL_NOTES=0 */;
CREATE DATABASE /*!32312 IF NOT EXISTS*/`futri` /*!40100 DEFAULT CHARACTER SET latin1 */;

USE `futri`;

/*Table structure for table `admin` */

DROP TABLE IF EXISTS `admin`;

CREATE TABLE `admin` (
  `id` int(2) NOT NULL AUTO_INCREMENT,
  `akun` char(15) NOT NULL DEFAULT '',
  `password` char(15) NOT NULL DEFAULT '',
  `nama` char(30) NOT NULL DEFAULT '',
  `level` char(15) NOT NULL DEFAULT '',
  KEY `id` (`id`)
) ENGINE=InnoDB AUTO_INCREMENT=3 DEFAULT CHARSET=latin1;

/*Data for the table `admin` */

insert  into `admin`(`id`,`akun`,`password`,`nama`,`level`) values 
(1,'admin','admin','Dian Ahyuna','Admin'),
(2,'rian','rian','Adrian','Direktur');

/*Table structure for table `bahan` */

DROP TABLE IF EXISTS `bahan`;

CREATE TABLE `bahan` (
  `id` int(2) NOT NULL AUTO_INCREMENT,
  `bahan` char(20) NOT NULL DEFAULT '',
  `satuan` char(10) NOT NULL DEFAULT '',
  `stok` decimal(10,2) NOT NULL DEFAULT '0.00',
  `beli` decimal(10,2) NOT NULL DEFAULT '0.00',
  `pakai` decimal(10,2) NOT NULL DEFAULT '0.00',
  `akhir` decimal(10,2) NOT NULL DEFAULT '0.00',
  `maks` decimal(7,2) NOT NULL DEFAULT '0.00',
  `rata` decimal(7,2) NOT NULL DEFAULT '0.00',
  `lt` int(1) NOT NULL DEFAULT '6',
  `safety` decimal(7,2) NOT NULL DEFAULT '0.00',
  `minstok` decimal(7,2) NOT NULL DEFAULT '0.00',
  `maksstok` decimal(7,2) NOT NULL DEFAULT '0.00',
  `jbeli` decimal(7,2) NOT NULL DEFAULT '0.00',
  `fakhir` decimal(7,2) NOT NULL DEFAULT '0.00',
  KEY `id` (`id`)
) ENGINE=InnoDB AUTO_INCREMENT=35 DEFAULT CHARSET=latin1;

/*Data for the table `bahan` */

insert  into `bahan`(`id`,`bahan`,`satuan`,`stok`,`beli`,`pakai`,`akhir`,`maks`,`rata`,`lt`,`safety`,`minstok`,`maksstok`,`jbeli`,`fakhir`) values 
(1,'Baking Powder','Gram',38497.00,20224.50,54616.50,4105.00,17.11,13.66,6,0.70,3.40,5.50,0.00,4.11),
(2,'Baking Soda','Gram',40.00,17371.60,12156.00,5255.60,4.63,3.04,6,0.30,0.90,1.20,0.00,5.26),
(3,'Bread Improver','Gram',100.00,14605.85,10135.00,4570.85,3.65,2.53,6,0.20,0.70,1.00,0.00,4.57),
(4,'Butter','Gram',723057.00,20415.00,739320.00,4152.00,250.10,184.83,6,13.10,50.10,73.90,69.75,4.15),
(5,'Cherry','Buah',10.00,5726.00,5664.00,72.00,222.00,141.60,6,16.10,44.40,56.60,0.00,72.00),
(6,'Coklat Batang','Gram',532979.00,15532.00,545310.00,3201.00,187.20,136.33,6,10.20,37.50,54.50,51.30,3.20),
(7,'Coklat Bubuk','Gram',605472.00,15537.00,617765.00,3244.00,226.65,154.44,6,14.40,45.30,61.80,58.56,3.24),
(8,'Dark Coklat','Gram',300850.00,15438.00,313050.00,3238.00,122.50,78.26,6,8.80,24.50,31.30,28.06,3.24),
(9,'Emuslifier','Gram',11302.00,15555.00,23600.00,3257.00,9.20,5.90,6,0.70,1.90,2.40,0.00,3.26),
(10,'Garam','Gram',396264.00,15447.00,408459.00,3252.00,155.52,102.12,6,10.70,31.10,40.80,37.55,3.25),
(11,'Gula','Gram',2911075.00,15621.00,2923466.00,3230.00,899.21,730.87,6,33.70,179.90,292.30,289.07,3.23),
(12,'Gula Merah','Gram',301957.00,15496.00,314200.00,3253.00,122.00,78.55,6,8.70,24.40,31.40,28.15,3.25),
(13,'Gula Palem','Gram',125663.00,15547.00,137955.00,3255.00,53.55,34.49,6,3.80,10.70,13.80,10.54,3.26),
(14,'Kayu Manis Bubuk','Gram',5.00,15549.00,4869.00,10685.00,1.89,1.22,6,0.10,0.30,0.50,0.00,10.69),
(15,'Keju','Gram',433188.00,18811.00,445540.00,6459.00,167.55,111.39,6,11.20,33.50,44.60,38.14,6.46),
(16,'Maizena','Gram',2642.00,15563.00,15000.00,3205.00,6.30,3.75,6,0.50,1.30,1.50,0.00,3.21),
(17,'Margarin','Gram',1411080.00,15372.00,1423225.00,3227.00,476.55,355.81,6,24.10,95.30,142.30,139.07,3.23),
(18,'Mentega','Gram',68852.00,15430.00,81080.00,3202.00,29.20,20.27,6,1.80,5.90,8.10,4.90,3.20),
(19,'Minyak Goreng','Ml',311683.00,15414.00,323850.00,3247.00,120.50,80.96,6,7.90,24.10,32.40,29.15,3.25),
(20,'Minyak Sayur','Gram',93342.00,15401.00,105495.00,3248.00,40.95,26.37,6,2.90,8.20,10.50,7.25,3.25),
(21,'Pasta Coklat','Gram',11630.00,15309.00,23700.00,3239.00,8.55,5.93,6,0.50,1.70,2.40,0.00,3.24),
(22,'Pasta Pandan','Gram',782.00,15390.00,12918.00,3254.00,4.60,3.23,6,0.30,0.90,1.30,0.00,3.25),
(23,'Pisang','Gram',442077.00,15593.00,454440.00,3230.00,176.40,113.61,6,12.60,35.30,45.40,42.17,3.23),
(24,'Ragi','Gram',25405.00,15396.00,37551.00,3250.00,13.90,9.39,6,0.90,2.80,3.80,0.00,3.25),
(25,'SKM Coklat','Sache',3.00,3169.00,3082.00,90.00,126.00,77.05,6,9.80,25.20,30.80,0.00,90.00),
(26,'SKM Putih','Sache',4.00,1719.00,1638.00,85.00,64.00,40.95,6,4.60,12.80,16.40,0.00,85.00),
(27,'Susu Bubuk','Gram',333331.00,15405.00,345505.00,3231.00,125.60,86.38,6,7.80,25.10,34.60,31.37,3.23),
(28,'Susu Cair','Cc',327615.00,15473.00,339840.00,3248.00,133.20,84.96,6,9.60,26.60,34.00,30.75,3.25),
(29,'Susu Kental Manis','Gram',33833.00,15567.00,46170.00,3230.00,19.20,11.54,6,1.50,3.80,4.60,1.37,3.23),
(30,'Telur','Buah',46933.00,12387.00,59217.00,103.00,1856.00,1480.43,6,75.10,371.20,592.20,489.20,103.00),
(31,'Tepung Terigu','Gram',3884450.00,15408.00,3896656.00,3202.00,1251.00,974.16,6,55.40,250.20,389.70,386.50,3.20),
(33,'Yeast','Gram',11560.00,15461.00,23772.00,3249.00,8.82,5.94,6,0.60,1.80,2.40,0.00,3.25),
(34,'Vanila Extract','Gram',51817.00,15594.00,64152.00,3259.00,21.07,16.04,6,1.00,4.20,6.40,3.14,3.26);

/*Table structure for table `beli` */

DROP TABLE IF EXISTS `beli`;

CREATE TABLE `beli` (
  `id` int(5) NOT NULL AUTO_INCREMENT,
  `notabeli` char(15) NOT NULL DEFAULT '',
  `idbahan` int(2) NOT NULL DEFAULT '0',
  `beli` decimal(8,2) NOT NULL DEFAULT '0.00',
  PRIMARY KEY (`notabeli`,`idbahan`),
  KEY `id` (`id`)
) ENGINE=InnoDB AUTO_INCREMENT=1129 DEFAULT CHARSET=latin1;

/*Data for the table `beli` */

insert  into `beli`(`id`,`notabeli`,`idbahan`,`beli`) values 
(1,'FB.2021.0001',1,489.50),
(5,'FB.2021.0001',2,413.60),
(6,'FB.2021.0001',3,352.85),
(7,'FB.2021.0001',4,521.00),
(168,'FB.2021.0001',5,166.00),
(8,'FB.2021.0002',1,499.50),
(9,'FB.2021.0002',2,444.60),
(10,'FB.2021.0002',3,379.85),
(11,'FB.2021.0002',4,502.00),
(169,'FB.2021.0002',6,506.00),
(12,'FB.2021.0003',1,490.50),
(13,'FB.2021.0003',2,410.60),
(14,'FB.2021.0003',3,360.85),
(15,'FB.2021.0003',4,512.00),
(170,'FB.2021.0003',7,465.00),
(16,'FB.2021.0004',1,511.50),
(17,'FB.2021.0004',2,445.60),
(18,'FB.2021.0004',3,346.85),
(19,'FB.2021.0004',4,506.00),
(171,'FB.2021.0004',8,466.00),
(20,'FB.2021.0005',1,484.50),
(21,'FB.2021.0005',2,408.60),
(22,'FB.2021.0005',3,375.85),
(23,'FB.2021.0005',4,488.00),
(172,'FB.2021.0005',9,499.00),
(24,'FB.2021.0006',1,491.50),
(25,'FB.2021.0006',2,425.60),
(26,'FB.2021.0006',3,358.85),
(27,'FB.2021.0006',4,501.00),
(173,'FB.2021.0006',10,466.00),
(28,'FB.2021.0007',1,476.50),
(29,'FB.2021.0007',2,444.60),
(30,'FB.2021.0007',3,346.85),
(31,'FB.2021.0007',4,499.00),
(174,'FB.2021.0007',11,508.00),
(32,'FB.2021.0008',1,510.50),
(33,'FB.2021.0008',2,436.60),
(34,'FB.2021.0008',3,357.85),
(35,'FB.2021.0008',4,494.00),
(175,'FB.2021.0008',12,474.00),
(36,'FB.2021.0009',1,506.50),
(37,'FB.2021.0009',2,401.60),
(38,'FB.2021.0009',3,334.85),
(39,'FB.2021.0009',4,499.00),
(176,'FB.2021.0009',13,507.00),
(40,'FB.2021.0010',1,486.50),
(41,'FB.2021.0010',2,404.60),
(42,'FB.2021.0010',3,369.85),
(43,'FB.2021.0010',4,506.00),
(177,'FB.2021.0010',14,467.00),
(44,'FB.2021.0011',1,498.50),
(45,'FB.2021.0011',2,432.60),
(46,'FB.2021.0011',3,338.85),
(47,'FB.2021.0011',4,489.00),
(178,'FB.2021.0011',15,578.00),
(48,'FB.2021.0012',1,489.50),
(49,'FB.2021.0012',2,412.60),
(50,'FB.2021.0012',3,352.85),
(51,'FB.2021.0012',4,520.00),
(179,'FB.2021.0012',16,503.00),
(52,'FB.2021.0013',1,493.50),
(53,'FB.2021.0013',2,423.60),
(54,'FB.2021.0013',3,336.85),
(55,'FB.2021.0013',4,490.00),
(180,'FB.2021.0013',17,491.00),
(56,'FB.2021.0014',1,498.50),
(57,'FB.2021.0014',2,429.60),
(58,'FB.2021.0014',3,363.85),
(59,'FB.2021.0014',4,493.00),
(181,'FB.2021.0014',18,482.00),
(60,'FB.2021.0015',1,515.50),
(61,'FB.2021.0015',2,429.60),
(62,'FB.2021.0015',3,347.85),
(63,'FB.2021.0015',4,490.00),
(182,'FB.2021.0015',19,485.00),
(64,'FB.2021.0016',1,476.50),
(65,'FB.2021.0016',2,426.60),
(66,'FB.2021.0016',3,353.85),
(67,'FB.2021.0016',4,486.00),
(183,'FB.2021.0016',20,492.00),
(68,'FB.2021.0017',1,497.50),
(69,'FB.2021.0017',2,432.60),
(70,'FB.2021.0017',3,374.85),
(71,'FB.2021.0017',4,485.00),
(184,'FB.2021.0017',21,483.00),
(72,'FB.2021.0018',1,508.50),
(73,'FB.2021.0018',2,427.60),
(74,'FB.2021.0018',3,377.85),
(75,'FB.2021.0018',4,504.00),
(185,'FB.2021.0018',22,486.00),
(76,'FB.2021.0019',1,483.50),
(77,'FB.2021.0019',2,418.60),
(78,'FB.2021.0019',3,344.85),
(79,'FB.2021.0019',4,480.00),
(186,'FB.2021.0019',23,502.00),
(80,'FB.2021.0020',1,485.50),
(81,'FB.2021.0020',2,440.60),
(82,'FB.2021.0020',3,332.85),
(83,'FB.2021.0020',4,482.00),
(187,'FB.2021.0020',24,494.00),
(84,'FB.2021.0021',1,513.50),
(85,'FB.2021.0021',2,407.60),
(86,'FB.2021.0021',3,333.85),
(87,'FB.2021.0021',4,510.00),
(188,'FB.2021.0021',25,82.00),
(88,'FB.2021.0022',1,469.50),
(89,'FB.2021.0022',2,435.60),
(90,'FB.2021.0022',3,332.85),
(91,'FB.2021.0022',4,485.00),
(189,'FB.2021.0022',26,69.00),
(92,'FB.2021.0023',1,480.50),
(93,'FB.2021.0023',2,426.60),
(94,'FB.2021.0023',3,363.85),
(95,'FB.2021.0023',4,490.00),
(190,'FB.2021.0023',27,479.00),
(96,'FB.2021.0024',1,501.50),
(97,'FB.2021.0024',2,405.60),
(98,'FB.2021.0024',3,333.85),
(99,'FB.2021.0024',4,510.00),
(191,'FB.2021.0024',28,496.00),
(100,'FB.2021.0025',1,472.50),
(101,'FB.2021.0025',2,426.60),
(102,'FB.2021.0025',3,370.85),
(103,'FB.2021.0025',4,489.00),
(192,'FB.2021.0025',29,502.00),
(104,'FB.2021.0026',1,488.50),
(105,'FB.2021.0026',2,402.60),
(106,'FB.2021.0026',3,344.85),
(107,'FB.2021.0026',4,516.00),
(193,'FB.2021.0026',30,374.00),
(108,'FB.2021.0027',1,507.50),
(109,'FB.2021.0027',2,408.60),
(110,'FB.2021.0027',3,338.85),
(111,'FB.2021.0027',4,482.00),
(194,'FB.2021.0027',31,466.00),
(112,'FB.2021.0028',1,500.50),
(113,'FB.2021.0028',2,439.60),
(114,'FB.2021.0028',3,380.85),
(115,'FB.2021.0028',4,518.00),
(195,'FB.2021.0028',32,467.00),
(116,'FB.2021.0029',1,490.50),
(117,'FB.2021.0029',2,406.60),
(118,'FB.2021.0029',3,356.85),
(119,'FB.2021.0029',4,516.00),
(196,'FB.2021.0029',33,468.00),
(120,'FB.2021.0030',1,499.50),
(121,'FB.2021.0030',2,416.60),
(122,'FB.2021.0030',3,335.85),
(123,'FB.2021.0030',4,484.00),
(197,'FB.2021.0030',34,503.00),
(124,'FB.2021.0031',1,482.50),
(125,'FB.2021.0031',2,419.60),
(126,'FB.2021.0031',3,381.85),
(127,'FB.2021.0031',4,482.00),
(198,'FB.2021.0031',5,194.00),
(199,'FB.2021.0032',6,480.00),
(200,'FB.2021.0033',7,464.00),
(201,'FB.2021.0034',8,460.00),
(202,'FB.2021.0035',9,492.00),
(203,'FB.2021.0036',10,478.00),
(204,'FB.2021.0037',11,484.00),
(205,'FB.2021.0038',12,503.00),
(206,'FB.2021.0039',13,509.00),
(207,'FB.2021.0040',14,506.00),
(208,'FB.2021.0041',15,594.00),
(209,'FB.2021.0042',16,500.00),
(210,'FB.2021.0043',17,487.00),
(211,'FB.2021.0044',18,494.00),
(212,'FB.2021.0045',19,460.00),
(213,'FB.2021.0046',20,490.00),
(214,'FB.2021.0047',21,469.00),
(215,'FB.2021.0048',22,481.00),
(216,'FB.2021.0049',23,465.00),
(217,'FB.2021.0050',24,489.00),
(218,'FB.2021.0051',25,113.00),
(219,'FB.2021.0052',26,44.00),
(220,'FB.2021.0053',27,468.00),
(221,'FB.2021.0054',28,502.00),
(222,'FB.2021.0055',29,488.00),
(223,'FB.2021.0056',30,363.00),
(224,'FB.2021.0057',31,480.00),
(225,'FB.2021.0058',32,467.00),
(226,'FB.2021.0059',33,480.00),
(227,'FB.2021.0060',34,505.00),
(228,'FB.2021.0061',5,159.00),
(229,'FB.2021.0062',6,500.00),
(230,'FB.2021.0063',7,505.00),
(231,'FB.2021.0064',8,464.00),
(232,'FB.2021.0065',9,473.00),
(233,'FB.2021.0066',10,476.00),
(234,'FB.2021.0067',11,462.00),
(235,'FB.2021.0068',12,483.00),
(236,'FB.2021.0069',13,481.00),
(237,'FB.2021.0070',14,498.00),
(238,'FB.2021.0071',15,577.00),
(239,'FB.2021.0072',16,492.00),
(240,'FB.2021.0073',17,482.00),
(241,'FB.2021.0074',18,461.00),
(242,'FB.2021.0075',19,503.00),
(243,'FB.2021.0076',20,485.00),
(244,'FB.2021.0077',21,504.00),
(245,'FB.2021.0078',22,492.00),
(246,'FB.2021.0079',23,476.00),
(247,'FB.2021.0080',24,470.00),
(248,'FB.2021.0081',25,95.00),
(249,'FB.2021.0082',26,58.00),
(250,'FB.2021.0083',27,509.00),
(251,'FB.2021.0084',28,483.00),
(252,'FB.2021.0085',29,498.00),
(253,'FB.2021.0086',30,397.00),
(254,'FB.2021.0087',31,465.00),
(255,'FB.2021.0088',32,506.00),
(256,'FB.2021.0089',33,484.00),
(257,'FB.2021.0090',34,474.00),
(258,'FB.2021.0091',5,169.00),
(259,'FB.2021.0092',6,477.00),
(260,'FB.2021.0093',7,478.00),
(261,'FB.2021.0094',8,500.00),
(262,'FB.2021.0095',9,502.00),
(263,'FB.2021.0096',10,471.00),
(264,'FB.2021.0097',11,463.00),
(265,'FB.2021.0098',12,486.00),
(266,'FB.2021.0099',13,509.00),
(267,'FB.2021.0100',14,479.00),
(268,'FB.2021.0101',15,595.00),
(269,'FB.2021.0102',16,463.00),
(270,'FB.2021.0103',17,471.00),
(271,'FB.2021.0104',18,472.00),
(272,'FB.2021.0105',19,466.00),
(273,'FB.2021.0106',20,461.00),
(274,'FB.2021.0107',21,464.00),
(275,'FB.2021.0108',22,473.00),
(276,'FB.2021.0109',23,474.00),
(277,'FB.2021.0110',24,509.00),
(278,'FB.2021.0111',25,91.00),
(279,'FB.2021.0112',26,80.00),
(280,'FB.2021.0113',27,493.00),
(281,'FB.2021.0114',28,471.00),
(282,'FB.2021.0115',29,509.00),
(283,'FB.2021.0116',30,411.00),
(284,'FB.2021.0117',31,462.00),
(285,'FB.2021.0118',32,468.00),
(286,'FB.2021.0119',33,507.00),
(287,'FB.2021.0120',34,476.00),
(288,'FB.2021.0121',5,196.00),
(289,'FB.2021.0122',6,476.00),
(290,'FB.2021.0123',7,478.00),
(291,'FB.2021.0124',8,509.00),
(292,'FB.2021.0125',9,460.00),
(293,'FB.2021.0126',10,466.00),
(294,'FB.2021.0127',11,501.00),
(295,'FB.2021.0128',12,485.00),
(296,'FB.2021.0129',13,467.00),
(297,'FB.2021.0130',14,503.00),
(298,'FB.2021.0131',15,562.00),
(299,'FB.2021.0132',16,508.00),
(300,'FB.2021.0133',17,466.00),
(301,'FB.2021.0134',18,460.00),
(302,'FB.2021.0135',19,508.00),
(303,'FB.2021.0136',20,470.00),
(304,'FB.2021.0137',21,468.00),
(305,'FB.2021.0138',22,481.00),
(306,'FB.2021.0139',23,483.00),
(307,'FB.2021.0140',24,460.00),
(308,'FB.2021.0141',25,111.00),
(309,'FB.2021.0142',26,63.00),
(310,'FB.2021.0143',27,476.00),
(311,'FB.2021.0144',28,461.00),
(312,'FB.2021.0145',29,467.00),
(313,'FB.2021.0146',30,407.00),
(314,'FB.2021.0147',31,504.00),
(315,'FB.2021.0148',32,505.00),
(316,'FB.2021.0149',33,482.00),
(317,'FB.2021.0150',34,482.00),
(318,'FB.2021.0151',5,161.00),
(319,'FB.2021.0152',6,495.00),
(320,'FB.2021.0153',7,504.00),
(321,'FB.2021.0154',8,477.00),
(322,'FB.2021.0155',9,478.00),
(323,'FB.2021.0156',10,487.00),
(324,'FB.2021.0157',11,503.00),
(325,'FB.2021.0158',12,464.00),
(326,'FB.2021.0159',13,487.00),
(327,'FB.2021.0160',14,479.00),
(328,'FB.2021.0161',15,572.00),
(329,'FB.2021.0162',16,471.00),
(330,'FB.2021.0163',17,484.00),
(331,'FB.2021.0164',18,485.00),
(332,'FB.2021.0165',19,501.00),
(333,'FB.2021.0166',20,484.00),
(334,'FB.2021.0167',21,481.00),
(335,'FB.2021.0168',22,473.00),
(336,'FB.2021.0169',23,481.00),
(337,'FB.2021.0170',24,463.00),
(338,'FB.2021.0171',25,110.00),
(339,'FB.2021.0172',26,65.00),
(340,'FB.2021.0173',27,471.00),
(341,'FB.2021.0174',28,460.00),
(342,'FB.2021.0175',29,501.00),
(343,'FB.2021.0176',30,364.00),
(344,'FB.2021.0177',31,476.00),
(345,'FB.2021.0178',32,463.00),
(346,'FB.2021.0179',33,464.00),
(347,'FB.2021.0180',34,497.00),
(348,'FB.2021.0181',5,158.00),
(349,'FB.2021.0182',6,505.00),
(350,'FB.2021.0183',7,498.00),
(351,'FB.2021.0184',8,466.00),
(352,'FB.2021.0185',9,474.00),
(353,'FB.2021.0186',10,496.00),
(354,'FB.2021.0187',11,504.00),
(355,'FB.2021.0188',12,505.00),
(356,'FB.2021.0189',13,509.00),
(357,'FB.2021.0190',14,472.00),
(358,'FB.2021.0191',15,567.00),
(359,'FB.2021.0192',16,485.00),
(360,'FB.2021.0193',17,494.00),
(361,'FB.2021.0194',18,497.00),
(362,'FB.2021.0195',19,489.00),
(363,'FB.2021.0196',20,467.00),
(364,'FB.2021.0197',21,480.00),
(365,'FB.2021.0198',22,494.00),
(366,'FB.2021.0199',23,496.00),
(367,'FB.2021.0200',24,479.00),
(368,'FB.2021.0201',25,78.00),
(369,'FB.2021.0202',26,65.00),
(370,'FB.2021.0203',27,478.00),
(371,'FB.2021.0204',28,494.00),
(372,'FB.2021.0205',29,496.00),
(373,'FB.2021.0206',30,381.00),
(374,'FB.2021.0207',31,470.00),
(375,'FB.2021.0208',32,490.00),
(376,'FB.2021.0209',33,484.00),
(377,'FB.2021.0210',34,474.00),
(378,'FB.2021.0211',5,160.00),
(379,'FB.2021.0212',6,495.00),
(380,'FB.2021.0213',7,492.00),
(381,'FB.2021.0214',8,495.00),
(382,'FB.2021.0215',9,505.00),
(383,'FB.2021.0216',10,470.00),
(384,'FB.2021.0217',11,507.00),
(385,'FB.2021.0218',12,486.00),
(386,'FB.2021.0219',13,493.00),
(387,'FB.2021.0220',14,498.00),
(388,'FB.2021.0221',15,609.00),
(389,'FB.2021.0222',16,506.00),
(390,'FB.2021.0223',17,482.00),
(391,'FB.2021.0224',18,473.00),
(392,'FB.2021.0225',19,470.00),
(393,'FB.2021.0226',20,477.00),
(394,'FB.2021.0227',21,468.00),
(395,'FB.2021.0228',22,477.00),
(396,'FB.2021.0229',23,506.00),
(397,'FB.2021.0230',24,495.00),
(398,'FB.2021.0231',25,81.00),
(399,'FB.2021.0232',26,75.00),
(400,'FB.2021.0233',27,480.00),
(401,'FB.2021.0234',28,479.00),
(402,'FB.2021.0235',29,485.00),
(403,'FB.2021.0236',30,409.00),
(404,'FB.2021.0237',31,473.00),
(405,'FB.2021.0238',32,498.00),
(406,'FB.2021.0239',33,508.00),
(407,'FB.2021.0240',34,489.00),
(408,'FB.2021.0241',5,205.00),
(409,'FB.2021.0242',6,488.00),
(410,'FB.2021.0243',7,482.00),
(411,'FB.2021.0244',8,466.00),
(412,'FB.2021.0245',9,478.00),
(413,'FB.2021.0246',10,463.00),
(414,'FB.2021.0247',11,486.00),
(415,'FB.2021.0248',12,479.00),
(416,'FB.2021.0249',13,463.00),
(417,'FB.2021.0250',14,508.00),
(418,'FB.2021.0251',15,599.00),
(419,'FB.2021.0252',16,482.00),
(420,'FB.2021.0253',17,470.00),
(421,'FB.2021.0254',18,507.00),
(422,'FB.2021.0255',19,493.00),
(423,'FB.2021.0256',20,488.00),
(424,'FB.2021.0257',21,461.00),
(425,'FB.2021.0258',22,483.00),
(426,'FB.2021.0259',23,503.00),
(427,'FB.2021.0260',24,493.00),
(428,'FB.2021.0261',25,94.00),
(429,'FB.2021.0262',26,48.00),
(430,'FB.2021.0263',27,497.00),
(431,'FB.2021.0264',28,463.00),
(432,'FB.2021.0265',29,506.00),
(433,'FB.2021.0266',30,382.00),
(434,'FB.2021.0267',31,466.00),
(435,'FB.2021.0268',32,477.00),
(436,'FB.2021.0269',33,489.00),
(437,'FB.2021.0270',34,506.00),
(438,'FB.2021.0271',5,201.00),
(439,'FB.2021.0272',6,471.00),
(440,'FB.2021.0273',7,486.00),
(441,'FB.2021.0274',8,490.00),
(442,'FB.2021.0275',9,497.00),
(443,'FB.2021.0276',10,486.00),
(444,'FB.2021.0277',11,494.00),
(445,'FB.2021.0278',12,461.00),
(446,'FB.2021.0279',13,471.00),
(447,'FB.2021.0280',14,507.00),
(448,'FB.2021.0281',15,607.00),
(449,'FB.2021.0282',16,480.00),
(450,'FB.2021.0283',17,473.00),
(451,'FB.2021.0284',18,466.00),
(452,'FB.2021.0285',19,495.00),
(453,'FB.2021.0286',20,464.00),
(454,'FB.2021.0287',21,480.00),
(455,'FB.2021.0288',22,461.00),
(456,'FB.2021.0289',23,506.00),
(457,'FB.2021.0290',24,470.00),
(458,'FB.2021.0291',25,113.00),
(459,'FB.2021.0292',26,46.00),
(460,'FB.2021.0293',27,468.00),
(461,'FB.2021.0294',28,474.00),
(462,'FB.2021.0295',29,508.00),
(463,'FB.2021.0296',30,368.00),
(464,'FB.2021.0297',31,485.00),
(465,'FB.2021.0298',32,468.00),
(466,'FB.2021.0299',33,497.00),
(467,'FB.2021.0300',34,482.00),
(468,'FB.2021.0301',5,180.00),
(469,'FB.2021.0302',6,485.00),
(470,'FB.2021.0303',7,491.00),
(471,'FB.2021.0304',8,493.00),
(472,'FB.2021.0305',9,462.00),
(473,'FB.2021.0306',10,471.00),
(474,'FB.2021.0307',11,489.00),
(475,'FB.2021.0308',12,470.00),
(476,'FB.2021.0309',13,506.00),
(477,'FB.2021.0310',14,466.00),
(478,'FB.2021.0311',15,607.00),
(479,'FB.2021.0312',16,502.00),
(480,'FB.2021.0313',17,473.00),
(481,'FB.2021.0314',18,467.00),
(482,'FB.2021.0315',19,494.00),
(483,'FB.2021.0316',20,485.00),
(484,'FB.2021.0317',21,466.00),
(485,'FB.2021.0318',22,479.00),
(486,'FB.2021.0319',23,478.00),
(487,'FB.2021.0320',24,509.00),
(488,'FB.2021.0321',25,103.00),
(489,'FB.2021.0322',26,36.00),
(490,'FB.2021.0323',27,476.00),
(491,'FB.2021.0324',28,470.00),
(492,'FB.2021.0325',29,500.00),
(493,'FB.2021.0326',30,394.00),
(494,'FB.2021.0327',31,485.00),
(495,'FB.2021.0328',32,491.00),
(496,'FB.2021.0329',33,484.00),
(497,'FB.2021.0330',34,465.00),
(498,'FB.2021.0331',5,171.00),
(499,'FB.2021.0332',6,479.00),
(500,'FB.2021.0333',7,486.00),
(501,'FB.2021.0334',8,483.00),
(502,'FB.2021.0335',9,500.00),
(503,'FB.2021.0336',10,505.00),
(504,'FB.2021.0337',11,468.00),
(505,'FB.2021.0338',12,488.00),
(506,'FB.2021.0339',13,508.00),
(507,'FB.2021.0340',14,505.00),
(508,'FB.2021.0341',15,601.00),
(509,'FB.2021.0342',16,504.00),
(510,'FB.2021.0343',17,467.00),
(511,'FB.2021.0344',18,494.00),
(512,'FB.2021.0345',19,505.00),
(513,'FB.2021.0346',20,495.00),
(514,'FB.2021.0347',21,467.00),
(515,'FB.2021.0348',22,499.00),
(516,'FB.2021.0349',23,466.00),
(517,'FB.2021.0350',24,486.00),
(518,'FB.2021.0351',25,88.00),
(519,'FB.2021.0352',26,32.00),
(520,'FB.2021.0353',27,478.00),
(521,'FB.2021.0354',28,506.00),
(522,'FB.2021.0355',29,463.00),
(523,'FB.2021.0356',30,376.00),
(524,'FB.2021.0357',31,474.00),
(525,'FB.2021.0358',32,500.00),
(526,'FB.2021.0359',33,505.00),
(527,'FB.2021.0360',34,498.00),
(528,'FB.2021.0361',5,176.00),
(529,'FB.2021.0362',6,482.00),
(530,'FB.2021.0363',7,498.00),
(531,'FB.2021.0364',8,497.00),
(532,'FB.2021.0365',9,502.00),
(533,'FB.2021.0366',10,492.00),
(534,'FB.2021.0367',11,500.00),
(535,'FB.2021.0368',12,509.00),
(536,'FB.2021.0369',13,479.00),
(537,'FB.2021.0370',14,465.00),
(538,'FB.2021.0371',15,584.00),
(539,'FB.2021.0372',16,495.00),
(540,'FB.2021.0373',17,485.00),
(541,'FB.2021.0374',18,460.00),
(542,'FB.2021.0375',19,468.00),
(543,'FB.2021.0376',20,473.00),
(544,'FB.2021.0377',21,467.00),
(545,'FB.2021.0378',22,493.00),
(546,'FB.2021.0379',23,508.00),
(547,'FB.2021.0380',24,490.00),
(548,'FB.2021.0381',25,107.00),
(549,'FB.2021.0382',26,34.00),
(550,'FB.2021.0383',27,466.00),
(551,'FB.2021.0384',28,481.00),
(552,'FB.2021.0385',29,472.00),
(553,'FB.2021.0386',30,385.00),
(554,'FB.2021.0387',31,472.00),
(555,'FB.2021.0388',32,466.00),
(556,'FB.2021.0389',33,492.00),
(557,'FB.2021.0390',34,474.00),
(558,'FB.2021.0391',5,172.00),
(559,'FB.2021.0392',6,465.00),
(560,'FB.2021.0393',7,491.00),
(561,'FB.2021.0394',8,493.00),
(562,'FB.2021.0395',9,462.00),
(563,'FB.2021.0396',10,479.00),
(564,'FB.2021.0397',11,494.00),
(565,'FB.2021.0398',12,500.00),
(566,'FB.2021.0399',13,469.00),
(567,'FB.2021.0400',14,483.00),
(568,'FB.2021.0401',15,578.00),
(569,'FB.2021.0402',16,489.00),
(570,'FB.2021.0403',17,471.00),
(571,'FB.2021.0404',18,505.00),
(572,'FB.2021.0405',19,491.00),
(573,'FB.2021.0406',20,478.00),
(574,'FB.2021.0407',21,482.00),
(575,'FB.2021.0408',22,492.00),
(576,'FB.2021.0409',23,493.00),
(577,'FB.2021.0410',24,483.00),
(578,'FB.2021.0411',25,84.00),
(579,'FB.2021.0412',26,53.00),
(580,'FB.2021.0413',27,474.00),
(581,'FB.2021.0414',28,477.00),
(582,'FB.2021.0415',29,470.00),
(583,'FB.2021.0416',30,378.00),
(584,'FB.2021.0417',31,463.00),
(585,'FB.2021.0418',32,464.00),
(586,'FB.2021.0419',33,477.00),
(587,'FB.2021.0420',34,463.00),
(588,'FB.2021.0421',5,195.00),
(589,'FB.2021.0422',6,474.00),
(590,'FB.2021.0423',7,465.00),
(591,'FB.2021.0424',8,473.00),
(592,'FB.2021.0425',9,504.00),
(593,'FB.2021.0426',10,469.00),
(594,'FB.2021.0427',11,472.00),
(595,'FB.2021.0428',12,471.00),
(596,'FB.2021.0429',13,488.00),
(597,'FB.2021.0430',14,468.00),
(598,'FB.2021.0431',15,606.00),
(599,'FB.2021.0432',16,500.00),
(600,'FB.2021.0433',17,503.00),
(601,'FB.2021.0434',18,470.00),
(602,'FB.2021.0435',19,465.00),
(603,'FB.2021.0436',20,477.00),
(604,'FB.2021.0437',21,461.00),
(605,'FB.2021.0438',22,470.00),
(606,'FB.2021.0439',23,465.00),
(607,'FB.2021.0440',24,463.00),
(608,'FB.2021.0441',25,76.00),
(609,'FB.2021.0442',26,42.00),
(610,'FB.2021.0443',27,495.00),
(611,'FB.2021.0444',28,501.00),
(612,'FB.2021.0445',29,461.00),
(613,'FB.2021.0446',30,375.00),
(614,'FB.2021.0447',31,471.00),
(615,'FB.2021.0448',32,464.00),
(616,'FB.2021.0449',33,479.00),
(617,'FB.2021.0450',34,494.00),
(618,'FB.2021.0451',5,196.00),
(619,'FB.2021.0452',6,473.00),
(620,'FB.2021.0453',7,505.00),
(621,'FB.2021.0454',8,486.00),
(622,'FB.2021.0455',9,482.00),
(623,'FB.2021.0456',10,506.00),
(624,'FB.2021.0457',11,487.00),
(625,'FB.2021.0458',12,486.00),
(626,'FB.2021.0459',13,472.00),
(627,'FB.2021.0460',14,496.00),
(628,'FB.2021.0461',15,585.00),
(629,'FB.2021.0462',16,466.00),
(630,'FB.2021.0463',17,477.00),
(631,'FB.2021.0464',18,468.00),
(632,'FB.2021.0465',19,479.00),
(633,'FB.2021.0466',20,488.00),
(634,'FB.2021.0467',21,493.00),
(635,'FB.2021.0468',22,464.00),
(636,'FB.2021.0469',23,501.00),
(637,'FB.2021.0470',24,465.00),
(638,'FB.2021.0471',25,121.00),
(639,'FB.2021.0472',26,76.00),
(640,'FB.2021.0473',27,463.00),
(641,'FB.2021.0474',28,477.00),
(642,'FB.2021.0475',29,464.00),
(643,'FB.2021.0476',30,370.00),
(644,'FB.2021.0477',31,496.00),
(645,'FB.2021.0478',32,485.00),
(646,'FB.2021.0479',33,474.00),
(647,'FB.2021.0480',34,504.00),
(648,'FB.2021.0481',5,170.00),
(649,'FB.2021.0482',6,502.00),
(650,'FB.2021.0483',7,481.00),
(651,'FB.2021.0484',8,495.00),
(652,'FB.2021.0485',9,498.00),
(653,'FB.2021.0486',10,468.00),
(654,'FB.2021.0487',11,460.00),
(655,'FB.2021.0488',12,471.00),
(656,'FB.2021.0489',13,476.00),
(657,'FB.2021.0490',14,499.00),
(658,'FB.2021.0491',15,595.00),
(659,'FB.2021.0492',16,489.00),
(660,'FB.2021.0493',17,491.00),
(661,'FB.2021.0494',18,476.00),
(662,'FB.2021.0495',19,477.00),
(663,'FB.2021.0496',20,478.00),
(664,'FB.2021.0497',21,461.00),
(665,'FB.2021.0498',22,468.00),
(666,'FB.2021.0499',23,502.00),
(667,'FB.2021.0500',24,471.00),
(668,'FB.2021.0501',25,86.00),
(669,'FB.2021.0502',26,48.00),
(670,'FB.2021.0503',27,461.00),
(671,'FB.2021.0504',28,468.00),
(672,'FB.2021.0505',29,471.00),
(673,'FB.2021.0506',30,393.00),
(674,'FB.2021.0507',31,490.00),
(675,'FB.2021.0508',32,477.00),
(676,'FB.2021.0509',33,482.00),
(677,'FB.2021.0510',34,482.00),
(678,'FB.2021.0511',5,189.00),
(679,'FB.2021.0512',6,466.00),
(680,'FB.2021.0513',7,476.00),
(681,'FB.2021.0514',8,468.00),
(682,'FB.2021.0515',9,483.00),
(683,'FB.2021.0516',10,505.00),
(684,'FB.2021.0517',11,506.00),
(685,'FB.2021.0518',12,490.00),
(686,'FB.2021.0519',13,475.00),
(687,'FB.2021.0520',14,481.00),
(688,'FB.2021.0521',15,599.00),
(689,'FB.2021.0522',16,485.00),
(690,'FB.2021.0523',17,489.00),
(691,'FB.2021.0524',18,487.00),
(692,'FB.2021.0525',19,460.00),
(693,'FB.2021.0526',20,498.00),
(694,'FB.2021.0527',21,497.00),
(695,'FB.2021.0528',22,500.00),
(696,'FB.2021.0529',23,480.00),
(697,'FB.2021.0530',24,463.00),
(698,'FB.2021.0531',25,86.00),
(699,'FB.2021.0532',26,50.00),
(700,'FB.2021.0533',27,498.00),
(701,'FB.2021.0534',28,506.00),
(702,'FB.2021.0535',29,477.00),
(703,'FB.2021.0536',30,410.00),
(704,'FB.2021.0537',31,485.00),
(705,'FB.2021.0538',32,467.00),
(706,'FB.2021.0539',33,483.00),
(707,'FB.2021.0540',34,489.00),
(708,'FB.2021.0541',5,177.00),
(709,'FB.2021.0542',6,465.00),
(710,'FB.2021.0543',7,460.00),
(711,'FB.2021.0544',8,493.00),
(712,'FB.2021.0545',9,479.00),
(713,'FB.2021.0546',10,496.00),
(714,'FB.2021.0547',11,479.00),
(715,'FB.2021.0548',12,507.00),
(716,'FB.2021.0549',13,486.00),
(717,'FB.2021.0550',14,470.00),
(718,'FB.2021.0551',15,587.00),
(719,'FB.2021.0552',16,509.00),
(720,'FB.2021.0553',17,463.00),
(721,'FB.2021.0554',18,490.00),
(722,'FB.2021.0555',19,466.00),
(723,'FB.2021.0556',20,498.00),
(724,'FB.2021.0557',21,472.00),
(725,'FB.2021.0558',22,464.00),
(726,'FB.2021.0559',23,486.00),
(727,'FB.2021.0560',24,500.00),
(728,'FB.2021.0561',25,121.00),
(729,'FB.2021.0562',26,73.00),
(730,'FB.2021.0563',27,496.00),
(731,'FB.2021.0564',28,470.00),
(732,'FB.2021.0565',29,469.00),
(733,'FB.2021.0566',30,392.00),
(734,'FB.2021.0567',31,466.00),
(735,'FB.2021.0568',32,480.00),
(736,'FB.2021.0569',33,471.00),
(737,'FB.2021.0570',34,488.00),
(738,'FB.2021.0571',5,171.00),
(739,'FB.2021.0572',6,509.00),
(740,'FB.2021.0573',7,460.00),
(741,'FB.2021.0574',8,475.00),
(742,'FB.2021.0575',9,481.00),
(743,'FB.2021.0576',10,482.00),
(744,'FB.2021.0577',11,500.00),
(745,'FB.2021.0578',12,461.00),
(746,'FB.2021.0579',13,492.00),
(747,'FB.2021.0580',14,470.00),
(748,'FB.2021.0581',15,576.00),
(749,'FB.2021.0582',16,492.00),
(750,'FB.2021.0583',17,486.00),
(751,'FB.2021.0584',18,470.00),
(752,'FB.2021.0585',19,463.00),
(753,'FB.2021.0586',20,497.00),
(754,'FB.2021.0587',21,495.00),
(755,'FB.2021.0588',22,493.00),
(756,'FB.2021.0589',23,480.00),
(757,'FB.2021.0590',24,467.00),
(758,'FB.2021.0591',25,90.00),
(759,'FB.2021.0592',26,67.00),
(760,'FB.2021.0593',27,493.00),
(761,'FB.2021.0594',28,462.00),
(762,'FB.2021.0595',29,470.00),
(763,'FB.2021.0596',30,367.00),
(764,'FB.2021.0597',31,503.00),
(765,'FB.2021.0598',32,469.00),
(766,'FB.2021.0599',33,476.00),
(767,'FB.2021.0600',34,506.00),
(768,'FB.2021.0601',5,165.00),
(769,'FB.2021.0602',6,486.00),
(770,'FB.2021.0603',7,486.00),
(771,'FB.2021.0604',8,474.00),
(772,'FB.2021.0605',9,477.00),
(773,'FB.2021.0606',10,480.00),
(774,'FB.2021.0607',11,482.00),
(775,'FB.2021.0608',12,471.00),
(776,'FB.2021.0609',13,483.00),
(777,'FB.2021.0610',14,491.00),
(778,'FB.2021.0611',15,590.00),
(779,'FB.2021.0612',16,504.00),
(780,'FB.2021.0613',17,469.00),
(781,'FB.2021.0614',18,491.00),
(782,'FB.2021.0615',19,492.00),
(783,'FB.2021.0616',20,489.00),
(784,'FB.2021.0617',21,500.00),
(785,'FB.2021.0618',22,465.00),
(786,'FB.2021.0619',23,489.00),
(787,'FB.2021.0620',24,504.00),
(788,'FB.2021.0621',25,122.00),
(789,'FB.2021.0622',26,66.00),
(790,'FB.2021.0623',27,492.00),
(791,'FB.2021.0624',28,484.00),
(792,'FB.2021.0625',29,491.00),
(793,'FB.2021.0626',30,391.00),
(794,'FB.2021.0627',31,487.00),
(795,'FB.2021.0628',32,506.00),
(796,'FB.2021.0629',33,488.00),
(797,'FB.2021.0630',34,476.00),
(798,'FB.2021.0631',5,182.00),
(799,'FB.2021.0632',6,490.00),
(800,'FB.2021.0633',7,480.00),
(801,'FB.2021.0634',8,472.00),
(802,'FB.2021.0635',9,499.00),
(803,'FB.2021.0636',10,473.00),
(804,'FB.2021.0637',11,500.00),
(805,'FB.2021.0638',12,472.00),
(806,'FB.2021.0639',13,475.00),
(807,'FB.2021.0640',14,460.00),
(808,'FB.2021.0641',15,600.00),
(809,'FB.2021.0642',16,461.00),
(810,'FB.2021.0643',17,478.00),
(811,'FB.2021.0644',18,501.00),
(812,'FB.2021.0645',19,491.00),
(813,'FB.2021.0646',20,460.00),
(814,'FB.2021.0647',21,503.00),
(815,'FB.2021.0648',22,490.00),
(816,'FB.2021.0649',23,478.00),
(817,'FB.2021.0650',24,479.00),
(818,'FB.2021.0651',25,80.00),
(819,'FB.2021.0652',26,34.00),
(820,'FB.2021.0653',27,477.00),
(821,'FB.2021.0654',28,481.00),
(822,'FB.2021.0655',29,478.00),
(823,'FB.2021.0656',30,400.00),
(824,'FB.2021.0657',31,508.00),
(825,'FB.2021.0658',32,461.00),
(826,'FB.2021.0659',33,496.00),
(827,'FB.2021.0660',34,470.00),
(828,'FB.2021.0661',5,200.00),
(829,'FB.2021.0662',6,480.00),
(830,'FB.2021.0663',7,509.00),
(831,'FB.2021.0664',8,488.00),
(832,'FB.2021.0665',9,498.00),
(833,'FB.2021.0666',10,493.00),
(834,'FB.2021.0667',11,486.00),
(835,'FB.2021.0668',12,501.00),
(836,'FB.2021.0669',13,503.00),
(837,'FB.2021.0670',14,503.00),
(838,'FB.2021.0671',15,599.00),
(839,'FB.2021.0672',16,466.00),
(840,'FB.2021.0673',17,490.00),
(841,'FB.2021.0674',18,476.00),
(842,'FB.2021.0675',19,488.00),
(843,'FB.2021.0676',20,502.00),
(844,'FB.2021.0677',21,497.00),
(845,'FB.2021.0678',22,465.00),
(846,'FB.2021.0679',23,492.00),
(847,'FB.2021.0680',24,484.00),
(848,'FB.2021.0681',25,111.00),
(849,'FB.2021.0682',26,50.00),
(850,'FB.2021.0683',27,509.00),
(851,'FB.2021.0684',28,481.00),
(852,'FB.2021.0685',29,497.00),
(853,'FB.2021.0686',30,370.00),
(854,'FB.2021.0687',31,496.00),
(855,'FB.2021.0688',32,473.00),
(856,'FB.2021.0689',33,501.00),
(857,'FB.2021.0690',34,471.00),
(858,'FB.2021.0691',5,159.00),
(859,'FB.2021.0692',6,461.00),
(860,'FB.2021.0693',7,499.00),
(861,'FB.2021.0694',8,485.00),
(862,'FB.2021.0695',9,499.00),
(863,'FB.2021.0696',10,485.00),
(864,'FB.2021.0697',11,485.00),
(865,'FB.2021.0698',12,505.00),
(866,'FB.2021.0699',13,478.00),
(867,'FB.2021.0700',14,509.00),
(868,'FB.2021.0701',15,582.00),
(869,'FB.2021.0702',16,490.00),
(870,'FB.2021.0703',17,471.00),
(871,'FB.2021.0704',18,501.00),
(872,'FB.2021.0705',19,493.00),
(873,'FB.2021.0706',20,460.00),
(874,'FB.2021.0707',21,466.00),
(875,'FB.2021.0708',22,478.00),
(876,'FB.2021.0709',23,472.00),
(877,'FB.2021.0710',24,479.00),
(878,'FB.2021.0711',25,86.00),
(879,'FB.2021.0712',26,54.00),
(880,'FB.2021.0713',27,505.00),
(881,'FB.2021.0714',28,504.00),
(882,'FB.2021.0715',29,476.00),
(883,'FB.2021.0716',30,398.00),
(884,'FB.2021.0717',31,492.00),
(885,'FB.2021.0718',32,484.00),
(886,'FB.2021.0719',33,473.00),
(887,'FB.2021.0720',34,498.00),
(888,'FB.2021.0721',5,206.00),
(889,'FB.2021.0722',6,506.00),
(890,'FB.2021.0723',7,476.00),
(891,'FB.2021.0724',8,466.00),
(892,'FB.2021.0725',9,506.00),
(893,'FB.2021.0726',10,470.00),
(894,'FB.2021.0727',11,464.00),
(895,'FB.2021.0728',12,503.00),
(896,'FB.2021.0729',13,503.00),
(897,'FB.2021.0730',14,461.00),
(898,'FB.2021.0731',15,562.00),
(899,'FB.2021.0732',16,500.00),
(900,'FB.2021.0733',17,468.00),
(901,'FB.2021.0734',18,505.00),
(902,'FB.2021.0735',19,468.00),
(903,'FB.2021.0736',20,494.00),
(904,'FB.2021.0737',21,488.00),
(905,'FB.2021.0738',22,504.00),
(906,'FB.2021.0739',23,489.00),
(907,'FB.2021.0740',24,461.00),
(908,'FB.2021.0741',25,92.00),
(909,'FB.2021.0742',26,46.00),
(910,'FB.2021.0743',27,469.00),
(911,'FB.2021.0744',28,504.00),
(912,'FB.2021.0745',29,486.00),
(913,'FB.2021.0746',30,383.00),
(914,'FB.2021.0747',31,505.00),
(915,'FB.2021.0748',32,461.00),
(916,'FB.2021.0749',33,468.00),
(917,'FB.2021.0750',34,499.00),
(918,'FB.2021.0751',5,181.00),
(919,'FB.2021.0752',6,509.00),
(920,'FB.2021.0753',7,489.00),
(921,'FB.2021.0754',8,507.00),
(922,'FB.2021.0755',9,462.00),
(923,'FB.2021.0756',10,488.00),
(924,'FB.2021.0757',11,506.00),
(925,'FB.2021.0758',12,467.00),
(926,'FB.2021.0759',13,463.00),
(927,'FB.2021.0760',14,503.00),
(928,'FB.2021.0761',15,572.00),
(929,'FB.2021.0762',16,470.00),
(930,'FB.2021.0763',17,494.00),
(931,'FB.2021.0764',18,489.00),
(932,'FB.2021.0765',19,490.00),
(933,'FB.2021.0766',20,464.00),
(934,'FB.2021.0767',21,496.00),
(935,'FB.2021.0768',22,467.00),
(936,'FB.2021.0769',23,491.00),
(937,'FB.2021.0770',24,464.00),
(938,'FB.2021.0771',25,83.00),
(939,'FB.2021.0772',26,51.00),
(940,'FB.2021.0773',27,460.00),
(941,'FB.2021.0774',28,487.00),
(942,'FB.2021.0775',29,496.00),
(943,'FB.2021.0776',30,392.00),
(944,'FB.2021.0777',31,506.00),
(945,'FB.2021.0778',32,491.00),
(946,'FB.2021.0779',33,467.00),
(947,'FB.2021.0780',34,505.00),
(948,'FB.2021.0781',5,164.00),
(949,'FB.2021.0782',6,503.00),
(950,'FB.2021.0783',7,505.00),
(951,'FB.2021.0784',8,499.00),
(952,'FB.2021.0785',9,488.00),
(953,'FB.2021.0786',10,476.00),
(954,'FB.2021.0787',11,469.00),
(955,'FB.2021.0788',12,504.00),
(956,'FB.2021.0789',13,502.00),
(957,'FB.2021.0790',14,487.00),
(958,'FB.2021.0791',15,587.00),
(959,'FB.2021.0792',16,462.00),
(960,'FB.2021.0793',17,468.00),
(961,'FB.2021.0794',18,495.00),
(962,'FB.2021.0795',19,466.00),
(963,'FB.2021.0796',20,505.00),
(964,'FB.2021.0797',21,468.00),
(965,'FB.2021.0798',22,467.00),
(966,'FB.2021.0799',23,498.00),
(967,'FB.2021.0800',24,495.00),
(968,'FB.2021.0801',25,115.00),
(969,'FB.2021.0802',26,38.00),
(970,'FB.2021.0803',27,466.00),
(971,'FB.2021.0804',28,504.00),
(972,'FB.2021.0805',29,490.00),
(973,'FB.2021.0806',30,369.00),
(974,'FB.2021.0807',31,469.00),
(975,'FB.2021.0808',32,482.00),
(976,'FB.2021.0809',33,487.00),
(977,'FB.2021.0810',34,470.00),
(978,'FB.2021.0811',5,187.00),
(979,'FB.2021.0812',6,463.00),
(980,'FB.2021.0813',7,495.00),
(981,'FB.2021.0814',8,470.00),
(982,'FB.2021.0815',9,483.00),
(983,'FB.2021.0816',10,508.00),
(984,'FB.2021.0817',11,495.00),
(985,'FB.2021.0818',12,476.00),
(986,'FB.2021.0819',13,486.00),
(987,'FB.2021.0820',14,486.00),
(988,'FB.2021.0821',15,566.00),
(989,'FB.2021.0822',16,470.00),
(990,'FB.2021.0823',17,493.00),
(991,'FB.2021.0824',18,493.00),
(992,'FB.2021.0825',19,471.00),
(993,'FB.2021.0826',20,484.00),
(994,'FB.2021.0827',21,465.00),
(995,'FB.2021.0828',22,508.00),
(996,'FB.2021.0829',23,509.00),
(997,'FB.2021.0830',24,482.00),
(998,'FB.2021.0831',25,110.00),
(999,'FB.2021.0832',26,73.00),
(1000,'FB.2021.0833',27,481.00),
(1001,'FB.2021.0834',28,470.00),
(1002,'FB.2021.0835',29,505.00),
(1003,'FB.2021.0836',30,410.00),
(1004,'FB.2021.0837',31,460.00),
(1005,'FB.2021.0838',32,460.00),
(1006,'FB.2021.0839',33,490.00),
(1007,'FB.2021.0840',34,507.00),
(1008,'FB.2021.0841',5,204.00),
(1009,'FB.2021.0842',6,476.00),
(1010,'FB.2021.0843',7,493.00),
(1011,'FB.2021.0844',8,498.00),
(1012,'FB.2021.0845',9,483.00),
(1013,'FB.2021.0846',10,489.00),
(1014,'FB.2021.0847',11,492.00),
(1015,'FB.2021.0848',12,470.00),
(1016,'FB.2021.0849',13,463.00),
(1017,'FB.2021.0850',14,471.00),
(1018,'FB.2021.0851',15,602.00),
(1019,'FB.2021.0852',16,480.00),
(1020,'FB.2021.0853',17,498.00),
(1021,'FB.2021.0854',18,464.00),
(1022,'FB.2021.0855',19,475.00),
(1023,'FB.2021.0856',20,503.00),
(1024,'FB.2021.0857',21,477.00),
(1025,'FB.2021.0858',22,466.00),
(1026,'FB.2021.0859',23,486.00),
(1027,'FB.2021.0860',24,501.00),
(1028,'FB.2021.0861',25,125.00),
(1029,'FB.2021.0862',26,38.00),
(1030,'FB.2021.0863',27,464.00),
(1031,'FB.2021.0864',28,506.00),
(1032,'FB.2021.0865',29,498.00),
(1033,'FB.2021.0866',30,410.00),
(1034,'FB.2021.0867',31,485.00),
(1035,'FB.2021.0868',32,465.00),
(1036,'FB.2021.0869',33,461.00),
(1037,'FB.2021.0870',34,507.00),
(1038,'FB.2021.0871',5,176.00),
(1039,'FB.2021.0872',6,506.00),
(1040,'FB.2021.0873',7,480.00),
(1041,'FB.2021.0874',8,502.00),
(1042,'FB.2021.0875',9,497.00),
(1043,'FB.2021.0876',10,491.00),
(1044,'FB.2021.0877',11,489.00),
(1045,'FB.2021.0878',12,489.00),
(1046,'FB.2021.0879',13,492.00),
(1047,'FB.2021.0880',14,504.00),
(1048,'FB.2021.0881',15,587.00),
(1049,'FB.2021.0882',16,476.00),
(1050,'FB.2021.0883',17,463.00),
(1051,'FB.2021.0884',18,494.00),
(1052,'FB.2021.0885',19,507.00),
(1053,'FB.2021.0886',20,471.00),
(1054,'FB.2021.0887',21,469.00),
(1055,'FB.2021.0888',22,462.00),
(1056,'FB.2021.0889',23,469.00),
(1057,'FB.2021.0890',24,477.00),
(1058,'FB.2021.0891',25,121.00),
(1059,'FB.2021.0892',26,56.00),
(1060,'FB.2021.0893',27,504.00),
(1061,'FB.2021.0894',28,491.00),
(1062,'FB.2021.0895',29,499.00),
(1063,'FB.2021.0896',30,381.00),
(1064,'FB.2021.0897',31,476.00),
(1065,'FB.2021.0898',32,470.00),
(1066,'FB.2021.0899',33,498.00),
(1067,'FB.2021.0900',34,484.00),
(1068,'FB.2021.0901',5,175.00),
(1069,'FB.2021.0902',6,483.00),
(1070,'FB.2021.0903',7,492.00),
(1071,'FB.2021.0904',8,462.00),
(1072,'FB.2021.0905',9,483.00),
(1073,'FB.2021.0906',10,462.00),
(1074,'FB.2021.0907',11,478.00),
(1075,'FB.2021.0908',12,488.00),
(1076,'FB.2021.0909',13,486.00),
(1077,'FB.2021.0910',14,466.00),
(1078,'FB.2021.0911',15,591.00),
(1079,'FB.2021.0912',16,484.00),
(1080,'FB.2021.0913',17,500.00),
(1081,'FB.2021.0914',18,473.00),
(1082,'FB.2021.0915',19,462.00),
(1083,'FB.2021.0916',20,461.00),
(1084,'FB.2021.0917',21,465.00),
(1085,'FB.2021.0918',22,491.00),
(1086,'FB.2021.0919',23,484.00),
(1087,'FB.2021.0920',24,486.00),
(1088,'FB.2021.0921',25,109.00),
(1089,'FB.2021.0922',26,40.00),
(1090,'FB.2021.0923',27,461.00),
(1091,'FB.2021.0924',28,478.00),
(1092,'FB.2021.0925',29,504.00),
(1093,'FB.2021.0926',30,409.00),
(1094,'FB.2021.0927',31,465.00),
(1095,'FB.2021.0928',32,468.00),
(1096,'FB.2021.0929',33,483.00),
(1097,'FB.2021.0930',34,486.00),
(128,'FB.2022.0001',1,478.50),
(129,'FB.2022.0001',2,437.60),
(130,'FB.2022.0001',3,344.85),
(131,'FB.2022.0001',4,521.00),
(1098,'FB.2022.0001',5,161.00),
(1099,'FB.2022.0001',6,476.00),
(1100,'FB.2022.0001',7,468.00),
(1101,'FB.2022.0001',8,466.00),
(1102,'FB.2022.0001',9,469.00),
(1103,'FB.2022.0001',10,500.00),
(1104,'FB.2022.0001',11,508.00),
(1105,'FB.2022.0001',12,471.00),
(1106,'FB.2022.0001',13,466.00),
(1107,'FB.2022.0001',14,488.00),
(1108,'FB.2022.0001',15,595.00),
(1109,'FB.2022.0001',16,479.00),
(1110,'FB.2022.0001',17,475.00),
(1111,'FB.2022.0001',18,464.00),
(1112,'FB.2022.0001',19,473.00),
(1113,'FB.2022.0001',20,463.00),
(1114,'FB.2022.0001',21,496.00),
(1115,'FB.2022.0001',22,504.00),
(1116,'FB.2022.0001',23,485.00),
(1117,'FB.2022.0001',24,465.00),
(1118,'FB.2022.0001',25,85.00),
(1119,'FB.2022.0001',26,49.00),
(1120,'FB.2022.0001',27,498.00),
(1121,'FB.2022.0001',28,482.00),
(1122,'FB.2022.0001',29,470.00),
(1123,'FB.2022.0001',30,378.00),
(1124,'FB.2022.0001',31,507.00),
(1125,'FB.2022.0001',32,467.00),
(1126,'FB.2022.0001',33,463.00),
(1127,'FB.2022.0001',34,470.00),
(132,'FB.2022.0002',1,510.50),
(133,'FB.2022.0002',2,442.60),
(134,'FB.2022.0002',3,367.85),
(135,'FB.2022.0002',4,490.00),
(136,'FB.2022.0003',1,490.50),
(137,'FB.2022.0003',2,429.60),
(138,'FB.2022.0003',3,379.85),
(139,'FB.2022.0003',4,490.00),
(140,'FB.2022.0004',1,510.50),
(141,'FB.2022.0004',2,422.60),
(142,'FB.2022.0004',3,369.85),
(143,'FB.2022.0004',4,518.00),
(144,'FB.2022.0005',1,483.50),
(145,'FB.2022.0005',2,425.60),
(146,'FB.2022.0005',3,355.85),
(147,'FB.2022.0005',4,513.00),
(148,'FB.2022.0006',1,492.50),
(149,'FB.2022.0006',2,432.60),
(150,'FB.2022.0006',3,378.85),
(151,'FB.2022.0006',4,489.00),
(152,'FB.2022.0007',1,492.50),
(153,'FB.2022.0007',2,428.60),
(154,'FB.2022.0007',3,358.85),
(155,'FB.2022.0007',4,511.00),
(156,'FB.2022.0008',1,477.50),
(157,'FB.2022.0008',2,406.60),
(158,'FB.2022.0008',3,364.85),
(159,'FB.2022.0008',4,478.00),
(160,'FB.2022.0009',1,503.50),
(161,'FB.2022.0009',2,401.60),
(162,'FB.2022.0009',3,345.85),
(163,'FB.2022.0009',4,488.00),
(164,'FB.2022.0010',1,484.50),
(165,'FB.2022.0010',2,438.60),
(166,'FB.2022.0010',3,355.85),
(167,'FB.2022.0010',4,488.00);

/*Table structure for table `komposisi` */

DROP TABLE IF EXISTS `komposisi`;

CREATE TABLE `komposisi` (
  `idbahan` int(3) NOT NULL DEFAULT '0',
  `idproduk` int(3) NOT NULL DEFAULT '0',
  `komposisi` decimal(8,2) NOT NULL DEFAULT '0.00',
  `id` int(11) NOT NULL AUTO_INCREMENT,
  KEY `id` (`id`)
) ENGINE=InnoDB AUTO_INCREMENT=225 DEFAULT CHARSET=latin1;

/*Data for the table `komposisi` */

insert  into `komposisi`(`idbahan`,`idproduk`,`komposisi`,`id`) values 
(30,1,5.00,116),
(11,1,55.00,117),
(31,1,150.00,118),
(33,1,14.00,119),
(4,1,40.00,120),
(10,1,5.00,121),
(6,1,15.00,122),
(17,2,85.00,123),
(34,2,2.50,124),
(11,2,70.00,125),
(19,2,50.00,126),
(1,2,4.00,127),
(30,2,2.00,128),
(7,2,10.00,129),
(21,2,5.00,130),
(31,3,100.00,131),
(27,3,15.00,132),
(17,3,85.00,133),
(34,3,1.50,134),
(11,3,75.00,135),
(15,3,205.00,136),
(1,3,5.00,137),
(4,3,150.00,138),
(30,3,2.00,139),
(31,4,100.00,140),
(17,4,120.00,141),
(11,4,120.00,142),
(27,4,35.00,143),
(29,4,30.00,144),
(7,4,15.00,145),
(21,4,5.00,146),
(30,4,3.00,147),
(31,5,100.00,148),
(27,5,15.00,149),
(17,5,70.00,150),
(1,5,7.00,151),
(22,5,3.00,152),
(27,5,15.00,153),
(11,5,85.00,154),
(30,5,2.00,155),
(31,6,100.00,156),
(16,6,10.00,157),
(7,6,20.00,158),
(30,6,2.00,159),
(4,6,100.00,160),
(15,6,80.00,161),
(11,6,150.00,162),
(6,6,120.00,163),
(27,6,120.00,164),
(31,7,50.00,165),
(11,7,150.00,166),
(7,7,150.00,167),
(30,7,4.00,168),
(17,7,150.00,169),
(8,7,150.00,170),
(34,7,5.00,171),
(1,7,5.00,172),
(9,7,10.00,173),
(25,7,2.00,174),
(31,8,125.00,175),
(26,8,1.00,176),
(8,8,50.00,177),
(19,8,150.00,178),
(30,8,6.00,179),
(10,8,225.00,180),
(9,8,5.00,181),
(10,8,1.50,182),
(1,8,5.00,183),
(22,8,5.00,184),
(7,8,50.00,185),
(21,8,5.00,186),
(31,9,192.00,187),
(11,9,182.00,188),
(30,9,1.00,189),
(34,9,12.50,190),
(20,9,65.00,191),
(23,9,280.00,192),
(1,9,2.50,193),
(2,9,4.00,194),
(14,9,3.00,195),
(13,9,85.00,196),
(31,10,540.00,197),
(11,10,130.00,198),
(24,10,11.00,199),
(30,10,3.00,200),
(17,10,40.00,201),
(12,10,200.00,202),
(34,10,10.00,203),
(10,10,7.00,204),
(31,11,500.00,205),
(3,11,5.00,206),
(24,11,10.00,207),
(11,11,40.00,208),
(27,11,20.00,209),
(18,11,40.00,210),
(10,11,7.00,211),
(31,12,300.00,212),
(7,12,125.00,213),
(11,12,660.00,214),
(1,12,5.00,215),
(2,12,3.00,216),
(34,12,7.50,217),
(10,12,2.00,218),
(30,12,6.00,219),
(28,12,180.00,220),
(17,12,300.00,221),
(6,12,180.00,222),
(5,12,3.00,223),
(4,12,150.00,224);

/*Table structure for table `lap` */

DROP TABLE IF EXISTS `lap`;

CREATE TABLE `lap` (
  `bahan` char(20) NOT NULL DEFAULT '',
  `satuan` char(10) NOT NULL DEFAULT '',
  `lt` int(1) NOT NULL DEFAULT '6',
  `safety` decimal(7,2) NOT NULL DEFAULT '0.00',
  `minstok` decimal(7,2) NOT NULL DEFAULT '0.00',
  `maksstok` decimal(7,2) NOT NULL DEFAULT '0.00',
  `jbeli` decimal(7,2) NOT NULL DEFAULT '0.00',
  `fakhir` decimal(7,2) NOT NULL DEFAULT '0.00',
  PRIMARY KEY (`bahan`,`satuan`)
) ENGINE=InnoDB DEFAULT CHARSET=latin1;

/*Data for the table `lap` */

insert  into `lap`(`bahan`,`satuan`,`lt`,`safety`,`minstok`,`maksstok`,`jbeli`,`fakhir`) values 
('Baking Powder','Kg',30,3.45,17.11,27.32,23.21,4.11),
('Baking Soda','Kg',30,1.59,4.63,6.08,0.00,5.26),
('Bread Improver','Kg',30,1.12,3.65,5.06,0.00,4.57),
('Butter','Kg',30,65.27,250.10,369.66,365.51,4.15),
('Cherry','Buah',30,80.40,222.00,283.20,211.20,72.00),
('Coklat Batang','Kg',30,50.87,187.20,272.66,269.46,3.20),
('Coklat Bubuk','Kg',30,72.21,226.65,308.88,305.64,3.24),
('Dark Coklat','Kg',0,0.00,0.00,0.00,0.00,3.24),
('Emuslifier','Kg',0,0.00,0.00,0.00,0.00,3.26),
('Garam','Kg',0,0.00,0.00,0.00,0.00,3.25),
('Gula','Kg',0,0.00,0.00,0.00,0.00,3.23),
('Gula Merah','Kg',0,0.00,0.00,0.00,0.00,3.25),
('Gula Palem','Kg',0,0.00,0.00,0.00,0.00,3.26),
('Kayu Manis Bubuk','Kg',0,0.00,0.00,0.00,0.00,10.69),
('Keju','Kg',0,0.00,0.00,0.00,0.00,6.46),
('Maizena','Kg',0,0.00,0.00,0.00,0.00,3.21),
('Margarin','Kg',0,0.00,0.00,0.00,0.00,3.23),
('Mentega','Kg',0,0.00,0.00,0.00,0.00,3.20),
('Minyak Goreng','Liter',0,0.00,0.00,0.00,0.00,3.25),
('Minyak Sayur','Kg',0,0.00,0.00,0.00,0.00,3.25),
('Pasta Coklat','Kg',0,0.00,0.00,0.00,0.00,3.24),
('Pasta Pandan','Kg',0,0.00,0.00,0.00,0.00,3.25),
('Pisang','Kg',0,0.00,0.00,0.00,0.00,3.23),
('Ragi','Kg',0,0.00,0.00,0.00,0.00,3.25),
('SKM Coklat','Sache',0,0.00,0.00,0.00,0.00,90.00),
('SKM Putih','Sache',0,0.00,0.00,0.00,0.00,85.00),
('Susu Bubuk','Kg',0,0.00,0.00,0.00,0.00,3.23),
('Susu Cair','Liter',0,0.00,0.00,0.00,0.00,3.25),
('Susu Kental Manis','Kg',0,0.00,0.00,0.00,0.00,3.23),
('Telur','Buah',0,0.00,0.00,0.00,0.00,103.00),
('Tepung Terigu','Kg',0,0.00,0.00,0.00,0.00,3.20),
('Vanila Extract','Kg',0,0.00,0.00,0.00,0.00,3.26),
('Yeast','Kg',0,0.00,0.00,0.00,0.00,3.25);

/*Table structure for table `notabeli` */

DROP TABLE IF EXISTS `notabeli`;

CREATE TABLE `notabeli` (
  `id` int(3) NOT NULL AUTO_INCREMENT,
  `notabeli` char(15) NOT NULL DEFAULT '',
  `idsupplier` int(3) NOT NULL DEFAULT '0',
  `tgl` date NOT NULL,
  KEY `id` (`id`)
) ENGINE=InnoDB AUTO_INCREMENT=56 DEFAULT CHARSET=latin1;

/*Data for the table `notabeli` */

insert  into `notabeli`(`id`,`notabeli`,`idsupplier`,`tgl`) values 
(1,'FB.2021.0001',1,'2021-09-30'),
(16,'FB.2021.0002',2,'2021-10-03'),
(17,'FB.2021.0003',3,'2021-10-06'),
(18,'FB.2021.0004',1,'2021-10-09'),
(19,'FB.2021.0005',2,'2021-10-12'),
(20,'FB.2021.0006',3,'2021-10-15'),
(21,'FB.2021.0007',1,'2021-10-18'),
(22,'FB.2021.0008',2,'2021-10-21'),
(23,'FB.2021.0009',3,'2021-10-24'),
(24,'FB.2021.0010',1,'2021-10-27'),
(25,'FB.2021.0011',2,'2021-10-30'),
(26,'FB.2021.0012',3,'2021-11-02'),
(27,'FB.2021.0013',1,'2021-11-05'),
(28,'FB.2021.0014',2,'2021-11-08'),
(29,'FB.2021.0015',3,'2021-11-11'),
(30,'FB.2021.0016',1,'2021-11-14'),
(31,'FB.2021.0017',2,'2021-11-17'),
(32,'FB.2021.0018',3,'2021-11-20'),
(33,'FB.2021.0019',1,'2021-11-23'),
(34,'FB.2021.0020',2,'2021-11-26'),
(35,'FB.2021.0021',3,'2021-11-29'),
(36,'FB.2021.0022',1,'2021-12-02'),
(37,'FB.2021.0023',2,'2021-12-05'),
(38,'FB.2021.0024',3,'2021-12-08'),
(39,'FB.2021.0025',1,'2021-12-11'),
(40,'FB.2021.0026',2,'2021-12-14'),
(41,'FB.2021.0027',3,'2021-12-17'),
(42,'FB.2021.0028',1,'2021-12-20'),
(43,'FB.2021.0029',2,'2021-12-23'),
(44,'FB.2021.0030',3,'2021-12-26'),
(45,'FB.2021.0031',1,'2021-12-29'),
(46,'FB.2022.0001',2,'2022-01-01'),
(47,'FB.2022.0002',3,'2022-01-04'),
(48,'FB.2022.0003',1,'2022-01-07'),
(49,'FB.2022.0004',2,'2022-01-10'),
(50,'FB.2022.0005',3,'2022-01-13'),
(51,'FB.2022.0006',1,'2022-01-16'),
(52,'FB.2022.0007',2,'2022-01-19'),
(53,'FB.2022.0008',3,'2022-01-22'),
(54,'FB.2022.0009',3,'2022-01-25'),
(55,'FB-2022-0010',1,'2022-02-21');

/*Table structure for table `notaproduksi` */

DROP TABLE IF EXISTS `notaproduksi`;

CREATE TABLE `notaproduksi` (
  `id` int(2) NOT NULL AUTO_INCREMENT,
  `tgl` date NOT NULL,
  `notaproduksi` char(15) NOT NULL DEFAULT '',
  KEY `id` (`id`)
) ENGINE=InnoDB AUTO_INCREMENT=109 DEFAULT CHARSET=latin1;

/*Data for the table `notaproduksi` */

insert  into `notaproduksi`(`id`,`tgl`,`notaproduksi`) values 
(1,'2021-10-01','FP.2021.0001'),
(69,'2021-10-04','FP.2021.0002'),
(70,'2021-10-07','FP.2021.0003'),
(71,'2021-10-10','FP.2021.0004'),
(72,'2021-10-13','FP.2021.0005'),
(73,'2021-10-16','FP.2021.0006'),
(74,'2021-10-19','FP.2021.0007'),
(75,'2021-10-22','FP.2021.0008'),
(76,'2021-10-25','FP.2021.0009'),
(77,'2021-10-28','FP.2021.0010'),
(78,'2021-10-31','FP.2021.0011'),
(79,'2021-11-03','FP.2021.0012'),
(80,'2021-11-06','FP.2021.0013'),
(81,'2021-11-09','FP.2021.0014'),
(82,'2021-11-12','FP.2021.0015'),
(83,'2021-11-15','FP.2021.0016'),
(84,'2021-11-18','FP.2021.0017'),
(85,'2021-11-21','FP.2021.0018'),
(86,'2021-11-24','FP.2021.0019'),
(87,'2021-11-27','FP.2021.0020'),
(88,'2021-11-30','FP.2021.0021'),
(89,'2021-12-03','FP.2021.0022'),
(90,'2021-12-06','FP.2021.0023'),
(91,'2021-12-09','FP.2021.0024'),
(92,'2021-12-12','FP.2021.0025'),
(93,'2021-12-15','FP.2021.0026'),
(94,'2021-12-18','FP.2021.0027'),
(95,'2021-12-21','FP.2021.0028'),
(96,'2021-12-24','FP.2021.0029'),
(97,'2021-12-27','FP.2021.0030'),
(98,'2021-12-30','FP.2021.0031'),
(99,'2022-01-02','FP.2022.0001'),
(100,'2022-01-05','FP.2022.0002'),
(101,'2022-01-08','FP.2022.0003'),
(102,'2022-01-11','FP.2022.0004'),
(103,'2022-01-14','FP.2022.0005'),
(104,'2022-01-17','FP.2022.0006'),
(105,'2022-01-20','FP.2022.0007'),
(106,'2022-01-23','FP.2022.0008'),
(107,'2022-01-26','FP.2022.0009'),
(108,'0000-00-00','');

/*Table structure for table `produk` */

DROP TABLE IF EXISTS `produk`;

CREATE TABLE `produk` (
  `id` int(2) NOT NULL AUTO_INCREMENT,
  `produk` char(40) NOT NULL DEFAULT '',
  `satuan` char(15) NOT NULL DEFAULT '',
  KEY `id` (`id`)
) ENGINE=InnoDB AUTO_INCREMENT=13 DEFAULT CHARSET=latin1;

/*Data for the table `produk` */

insert  into `produk`(`id`,`produk`,`satuan`) values 
(1,'Bluder','Buah'),
(2,'Bolu Coklat','Buah'),
(3,'Bolu Keju','Buah'),
(4,'Bolu Mabel','Buah'),
(5,'Bolu Pandan','Buah'),
(6,'Brownies Bakar','Buah'),
(7,'Brownies Coklat','Buah'),
(8,'Brownies Pandan','Buah'),
(9,'Cake Pisang','Buah'),
(10,'Roti Maros','Bungkus'),
(11,'Roti Tawar','Bungkus'),
(12,'Tart Cake','Buah');

/*Table structure for table `produksi` */

DROP TABLE IF EXISTS `produksi`;

CREATE TABLE `produksi` (
  `id` int(3) NOT NULL AUTO_INCREMENT,
  `idproduk` int(3) NOT NULL DEFAULT '0',
  `produksi` int(3) NOT NULL DEFAULT '0',
  `notaproduksi` char(15) NOT NULL DEFAULT '',
  KEY `id` (`id`)
) ENGINE=InnoDB AUTO_INCREMENT=2609 DEFAULT CHARSET=latin1;

/*Data for the table `produksi` */

insert  into `produksi`(`id`,`idproduk`,`produksi`,`notaproduksi`) values 
(2053,1,49,'FP.2021.0001'),
(2054,2,31,'FP.2021.0001'),
(2055,3,29,'FP.2021.0001'),
(2056,4,21,'FP.2021.0001'),
(2057,5,38,'FP.2021.0001'),
(2058,6,38,'FP.2021.0001'),
(2059,7,41,'FP.2021.0001'),
(2060,8,48,'FP.2021.0001'),
(2061,9,62,'FP.2021.0001'),
(2062,10,43,'FP.2021.0001'),
(2064,1,41,'FP.2021.0002'),
(2065,2,20,'FP.2021.0002'),
(2066,3,36,'FP.2021.0002'),
(2067,4,47,'FP.2021.0002'),
(2068,5,34,'FP.2021.0002'),
(2069,6,60,'FP.2021.0002'),
(2070,7,41,'FP.2021.0002'),
(2071,8,18,'FP.2021.0002'),
(2072,9,57,'FP.2021.0002'),
(2073,10,60,'FP.2021.0002'),
(2075,1,45,'FP.2021.0003'),
(2076,2,34,'FP.2021.0003'),
(2077,3,48,'FP.2021.0003'),
(2078,4,38,'FP.2021.0003'),
(2079,5,31,'FP.2021.0003'),
(2080,6,54,'FP.2021.0003'),
(2081,7,50,'FP.2021.0003'),
(2082,8,49,'FP.2021.0003'),
(2083,9,22,'FP.2021.0003'),
(2084,10,31,'FP.2021.0003'),
(2086,1,45,'FP.2021.0004'),
(2087,2,48,'FP.2021.0004'),
(2088,3,18,'FP.2021.0004'),
(2089,4,42,'FP.2021.0004'),
(2090,5,21,'FP.2021.0004'),
(2091,6,45,'FP.2021.0004'),
(2092,7,41,'FP.2021.0004'),
(2093,8,23,'FP.2021.0004'),
(2094,9,47,'FP.2021.0004'),
(2095,10,21,'FP.2021.0004'),
(2097,1,55,'FP.2021.0005'),
(2098,2,35,'FP.2021.0005'),
(2099,3,36,'FP.2021.0005'),
(2100,4,39,'FP.2021.0005'),
(2101,5,59,'FP.2021.0005'),
(2102,6,32,'FP.2021.0005'),
(2103,7,33,'FP.2021.0005'),
(2104,8,39,'FP.2021.0005'),
(2105,9,25,'FP.2021.0005'),
(2106,10,39,'FP.2021.0005'),
(2108,1,33,'FP.2021.0006'),
(2109,2,63,'FP.2021.0006'),
(2110,3,37,'FP.2021.0006'),
(2111,4,45,'FP.2021.0006'),
(2112,5,56,'FP.2021.0006'),
(2113,6,49,'FP.2021.0006'),
(2114,7,47,'FP.2021.0006'),
(2115,8,50,'FP.2021.0006'),
(2116,9,40,'FP.2021.0006'),
(2117,10,47,'FP.2021.0006'),
(2119,1,51,'FP.2021.0007'),
(2120,2,32,'FP.2021.0007'),
(2121,3,21,'FP.2021.0007'),
(2122,4,25,'FP.2021.0007'),
(2123,5,40,'FP.2021.0007'),
(2124,6,23,'FP.2021.0007'),
(2125,7,29,'FP.2021.0007'),
(2126,8,33,'FP.2021.0007'),
(2127,9,40,'FP.2021.0007'),
(2128,10,43,'FP.2021.0007'),
(2130,1,32,'FP.2021.0008'),
(2131,2,22,'FP.2021.0008'),
(2132,3,52,'FP.2021.0008'),
(2133,4,23,'FP.2021.0008'),
(2134,5,61,'FP.2021.0008'),
(2135,6,23,'FP.2021.0008'),
(2136,7,25,'FP.2021.0008'),
(2137,8,41,'FP.2021.0008'),
(2138,9,21,'FP.2021.0008'),
(2139,10,61,'FP.2021.0008'),
(2141,1,35,'FP.2021.0009'),
(2142,2,56,'FP.2021.0009'),
(2143,3,25,'FP.2021.0009'),
(2144,4,37,'FP.2021.0009'),
(2145,5,40,'FP.2021.0009'),
(2146,6,45,'FP.2021.0009'),
(2147,7,16,'FP.2021.0009'),
(2148,8,25,'FP.2021.0009'),
(2149,9,26,'FP.2021.0009'),
(2150,10,55,'FP.2021.0009'),
(2152,1,50,'FP.2021.0010'),
(2153,2,24,'FP.2021.0010'),
(2154,3,33,'FP.2021.0010'),
(2155,4,58,'FP.2021.0010'),
(2156,5,48,'FP.2021.0010'),
(2157,6,34,'FP.2021.0010'),
(2158,7,48,'FP.2021.0010'),
(2159,8,38,'FP.2021.0010'),
(2160,9,30,'FP.2021.0010'),
(2161,10,51,'FP.2021.0010'),
(2163,1,36,'FP.2021.0011'),
(2164,2,20,'FP.2021.0011'),
(2165,3,64,'FP.2021.0011'),
(2166,4,17,'FP.2021.0011'),
(2167,5,56,'FP.2021.0011'),
(2168,6,20,'FP.2021.0011'),
(2169,7,41,'FP.2021.0011'),
(2170,8,37,'FP.2021.0011'),
(2171,9,28,'FP.2021.0011'),
(2172,10,21,'FP.2021.0011'),
(2174,1,41,'FP.2021.0012'),
(2175,2,58,'FP.2021.0012'),
(2176,3,22,'FP.2021.0012'),
(2177,4,28,'FP.2021.0012'),
(2178,5,20,'FP.2021.0012'),
(2179,6,41,'FP.2021.0012'),
(2180,7,32,'FP.2021.0012'),
(2181,8,40,'FP.2021.0012'),
(2182,9,50,'FP.2021.0012'),
(2183,10,45,'FP.2021.0012'),
(2185,1,46,'FP.2021.0013'),
(2186,2,49,'FP.2021.0013'),
(2187,3,47,'FP.2021.0013'),
(2188,4,49,'FP.2021.0013'),
(2189,5,22,'FP.2021.0013'),
(2190,6,47,'FP.2021.0013'),
(2191,7,32,'FP.2021.0013'),
(2192,8,63,'FP.2021.0013'),
(2193,9,32,'FP.2021.0013'),
(2194,10,19,'FP.2021.0013'),
(2196,1,38,'FP.2021.0014'),
(2197,2,27,'FP.2021.0014'),
(2198,3,60,'FP.2021.0014'),
(2199,4,29,'FP.2021.0014'),
(2200,5,62,'FP.2021.0014'),
(2201,6,22,'FP.2021.0014'),
(2202,7,42,'FP.2021.0014'),
(2203,8,22,'FP.2021.0014'),
(2204,9,40,'FP.2021.0014'),
(2205,10,34,'FP.2021.0014'),
(2207,1,52,'FP.2021.0015'),
(2208,2,16,'FP.2021.0015'),
(2209,3,63,'FP.2021.0015'),
(2210,4,48,'FP.2021.0015'),
(2211,5,47,'FP.2021.0015'),
(2212,6,27,'FP.2021.0015'),
(2213,7,22,'FP.2021.0015'),
(2214,8,52,'FP.2021.0015'),
(2215,9,44,'FP.2021.0015'),
(2216,10,26,'FP.2021.0015'),
(2218,1,56,'FP.2021.0016'),
(2219,2,40,'FP.2021.0016'),
(2220,3,23,'FP.2021.0016'),
(2221,4,23,'FP.2021.0016'),
(2222,5,23,'FP.2021.0016'),
(2223,6,52,'FP.2021.0016'),
(2224,7,47,'FP.2021.0016'),
(2225,8,46,'FP.2021.0016'),
(2226,9,16,'FP.2021.0016'),
(2227,10,59,'FP.2021.0016'),
(2229,1,43,'FP.2021.0017'),
(2230,2,50,'FP.2021.0017'),
(2231,3,57,'FP.2021.0017'),
(2232,4,55,'FP.2021.0017'),
(2233,5,41,'FP.2021.0017'),
(2234,6,21,'FP.2021.0017'),
(2235,7,60,'FP.2021.0017'),
(2236,8,42,'FP.2021.0017'),
(2237,9,48,'FP.2021.0017'),
(2238,10,19,'FP.2021.0017'),
(2240,1,47,'FP.2021.0018'),
(2241,2,19,'FP.2021.0018'),
(2242,3,37,'FP.2021.0018'),
(2243,4,20,'FP.2021.0018'),
(2244,5,59,'FP.2021.0018'),
(2245,6,53,'FP.2021.0018'),
(2246,7,63,'FP.2021.0018'),
(2247,8,22,'FP.2021.0018'),
(2248,9,62,'FP.2021.0018'),
(2249,10,49,'FP.2021.0018'),
(2251,1,60,'FP.2021.0019'),
(2252,2,30,'FP.2021.0019'),
(2253,3,52,'FP.2021.0019'),
(2254,4,31,'FP.2021.0019'),
(2255,5,45,'FP.2021.0019'),
(2256,6,27,'FP.2021.0019'),
(2257,7,46,'FP.2021.0019'),
(2258,8,33,'FP.2021.0019'),
(2259,9,27,'FP.2021.0019'),
(2260,10,33,'FP.2021.0019'),
(2262,1,44,'FP.2021.0020'),
(2263,2,49,'FP.2021.0020'),
(2264,3,46,'FP.2021.0020'),
(2265,4,56,'FP.2021.0020'),
(2266,5,35,'FP.2021.0020'),
(2267,6,63,'FP.2021.0020'),
(2268,7,28,'FP.2021.0020'),
(2269,8,43,'FP.2021.0020'),
(2270,9,57,'FP.2021.0020'),
(2271,10,53,'FP.2021.0020'),
(2273,1,55,'FP.2021.0021'),
(2274,2,21,'FP.2021.0021'),
(2275,3,36,'FP.2021.0021'),
(2276,4,32,'FP.2021.0021'),
(2277,5,58,'FP.2021.0021'),
(2278,6,48,'FP.2021.0021'),
(2279,7,39,'FP.2021.0021'),
(2280,8,29,'FP.2021.0021'),
(2281,9,39,'FP.2021.0021'),
(2282,10,28,'FP.2021.0021'),
(2284,1,20,'FP.2021.0022'),
(2285,2,40,'FP.2021.0022'),
(2286,3,52,'FP.2021.0022'),
(2287,4,59,'FP.2021.0022'),
(2288,5,33,'FP.2021.0022'),
(2289,6,45,'FP.2021.0022'),
(2290,7,40,'FP.2021.0022'),
(2291,8,52,'FP.2021.0022'),
(2292,9,48,'FP.2021.0022'),
(2293,10,47,'FP.2021.0022'),
(2295,1,54,'FP.2021.0023'),
(2296,2,33,'FP.2021.0023'),
(2297,3,61,'FP.2021.0023'),
(2298,4,33,'FP.2021.0023'),
(2299,5,43,'FP.2021.0023'),
(2300,6,47,'FP.2021.0023'),
(2301,7,41,'FP.2021.0023'),
(2302,8,50,'FP.2021.0023'),
(2303,9,40,'FP.2021.0023'),
(2304,10,53,'FP.2021.0023'),
(2306,1,26,'FP.2021.0024'),
(2307,2,38,'FP.2021.0024'),
(2308,3,28,'FP.2021.0024'),
(2309,4,64,'FP.2021.0024'),
(2310,5,32,'FP.2021.0024'),
(2311,6,52,'FP.2021.0024'),
(2312,7,42,'FP.2021.0024'),
(2313,8,64,'FP.2021.0024'),
(2314,9,35,'FP.2021.0024'),
(2315,10,44,'FP.2021.0024'),
(2317,1,19,'FP.2021.0025'),
(2318,2,37,'FP.2021.0025'),
(2319,3,52,'FP.2021.0025'),
(2320,4,26,'FP.2021.0025'),
(2321,5,25,'FP.2021.0025'),
(2322,6,28,'FP.2021.0025'),
(2323,7,20,'FP.2021.0025'),
(2324,8,59,'FP.2021.0025'),
(2325,9,59,'FP.2021.0025'),
(2326,10,36,'FP.2021.0025'),
(2328,1,53,'FP.2021.0026'),
(2329,2,32,'FP.2021.0026'),
(2330,3,33,'FP.2021.0026'),
(2331,4,55,'FP.2021.0026'),
(2332,5,17,'FP.2021.0026'),
(2333,6,21,'FP.2021.0026'),
(2334,7,39,'FP.2021.0026'),
(2335,8,58,'FP.2021.0026'),
(2336,9,29,'FP.2021.0026'),
(2337,10,57,'FP.2021.0026'),
(2339,1,60,'FP.2021.0027'),
(2340,2,35,'FP.2021.0027'),
(2341,3,32,'FP.2021.0027'),
(2342,4,42,'FP.2021.0027'),
(2343,5,41,'FP.2021.0027'),
(2344,6,19,'FP.2021.0027'),
(2345,7,36,'FP.2021.0027'),
(2346,8,63,'FP.2021.0027'),
(2347,9,31,'FP.2021.0027'),
(2348,10,19,'FP.2021.0027'),
(2350,1,51,'FP.2021.0028'),
(2351,2,24,'FP.2021.0028'),
(2352,3,23,'FP.2021.0028'),
(2353,4,58,'FP.2021.0028'),
(2354,5,27,'FP.2021.0028'),
(2355,6,46,'FP.2021.0028'),
(2356,7,57,'FP.2021.0028'),
(2357,8,15,'FP.2021.0028'),
(2358,9,52,'FP.2021.0028'),
(2359,10,50,'FP.2021.0028'),
(2361,1,24,'FP.2021.0029'),
(2362,2,53,'FP.2021.0029'),
(2363,3,51,'FP.2021.0029'),
(2364,4,56,'FP.2021.0029'),
(2365,5,50,'FP.2021.0029'),
(2366,6,32,'FP.2021.0029'),
(2367,7,27,'FP.2021.0029'),
(2368,8,62,'FP.2021.0029'),
(2369,9,35,'FP.2021.0029'),
(2370,10,30,'FP.2021.0029'),
(2372,1,46,'FP.2021.0030'),
(2373,2,40,'FP.2021.0030'),
(2374,3,46,'FP.2021.0030'),
(2375,4,27,'FP.2021.0030'),
(2376,5,27,'FP.2021.0030'),
(2377,6,15,'FP.2021.0030'),
(2378,7,38,'FP.2021.0030'),
(2379,8,34,'FP.2021.0030'),
(2380,9,43,'FP.2021.0030'),
(2381,10,59,'FP.2021.0030'),
(2383,1,30,'FP.2021.0031'),
(2384,2,48,'FP.2021.0031'),
(2385,3,27,'FP.2021.0031'),
(2386,4,28,'FP.2021.0031'),
(2387,5,58,'FP.2021.0031'),
(2388,6,35,'FP.2021.0031'),
(2389,7,39,'FP.2021.0031'),
(2390,8,27,'FP.2021.0031'),
(2391,9,63,'FP.2021.0031'),
(2392,10,30,'FP.2021.0031'),
(2394,1,20,'FP.2022.0001'),
(2395,2,39,'FP.2022.0001'),
(2396,3,49,'FP.2022.0001'),
(2397,4,20,'FP.2022.0001'),
(2398,5,22,'FP.2022.0001'),
(2399,6,44,'FP.2022.0001'),
(2400,7,23,'FP.2022.0001'),
(2401,8,42,'FP.2022.0001'),
(2402,9,61,'FP.2022.0001'),
(2403,10,39,'FP.2022.0001'),
(2405,1,58,'FP.2022.0002'),
(2406,2,46,'FP.2022.0002'),
(2407,3,30,'FP.2022.0002'),
(2408,4,27,'FP.2022.0002'),
(2409,5,26,'FP.2022.0002'),
(2410,6,32,'FP.2022.0002'),
(2411,7,31,'FP.2022.0002'),
(2412,8,25,'FP.2022.0002'),
(2413,9,29,'FP.2022.0002'),
(2414,10,16,'FP.2022.0002'),
(2416,1,15,'FP.2022.0003'),
(2417,2,64,'FP.2022.0003'),
(2418,3,23,'FP.2022.0003'),
(2419,4,16,'FP.2022.0003'),
(2420,5,37,'FP.2022.0003'),
(2421,6,36,'FP.2022.0003'),
(2422,7,48,'FP.2022.0003'),
(2423,8,59,'FP.2022.0003'),
(2424,9,58,'FP.2022.0003'),
(2425,10,43,'FP.2022.0003'),
(2427,1,45,'FP.2022.0004'),
(2428,2,45,'FP.2022.0004'),
(2429,3,45,'FP.2022.0004'),
(2430,4,60,'FP.2022.0004'),
(2431,5,53,'FP.2022.0004'),
(2432,6,38,'FP.2022.0004'),
(2433,7,59,'FP.2022.0004'),
(2434,8,15,'FP.2022.0004'),
(2435,9,17,'FP.2022.0004'),
(2436,10,44,'FP.2022.0004'),
(2438,1,63,'FP.2022.0005'),
(2439,2,59,'FP.2022.0005'),
(2440,3,16,'FP.2022.0005'),
(2441,4,23,'FP.2022.0005'),
(2442,5,21,'FP.2022.0005'),
(2443,6,21,'FP.2022.0005'),
(2444,7,24,'FP.2022.0005'),
(2445,8,18,'FP.2022.0005'),
(2446,9,62,'FP.2022.0005'),
(2447,10,31,'FP.2022.0005'),
(2449,1,59,'FP.2022.0006'),
(2450,2,17,'FP.2022.0006'),
(2451,3,27,'FP.2022.0006'),
(2452,4,36,'FP.2022.0006'),
(2453,5,48,'FP.2022.0006'),
(2454,6,19,'FP.2022.0006'),
(2455,7,38,'FP.2022.0006'),
(2456,8,53,'FP.2022.0006'),
(2457,9,56,'FP.2022.0006'),
(2458,10,39,'FP.2022.0006'),
(2460,1,22,'FP.2022.0007'),
(2461,2,60,'FP.2022.0007'),
(2462,3,31,'FP.2022.0007'),
(2463,4,36,'FP.2022.0007'),
(2464,5,60,'FP.2022.0007'),
(2465,6,52,'FP.2022.0007'),
(2466,7,38,'FP.2022.0007'),
(2467,8,41,'FP.2022.0007'),
(2468,9,18,'FP.2022.0007'),
(2469,10,47,'FP.2022.0007'),
(2471,1,37,'FP.2022.0008'),
(2472,2,59,'FP.2022.0008'),
(2473,3,63,'FP.2022.0008'),
(2474,4,52,'FP.2022.0008'),
(2475,5,31,'FP.2022.0008'),
(2476,6,48,'FP.2022.0008'),
(2477,7,17,'FP.2022.0008'),
(2478,8,46,'FP.2022.0008'),
(2479,9,41,'FP.2022.0008'),
(2480,10,27,'FP.2022.0008'),
(2482,1,42,'FP.2022.0009'),
(2483,2,50,'FP.2022.0009'),
(2484,3,57,'FP.2022.0009'),
(2485,4,58,'FP.2022.0009'),
(2486,5,29,'FP.2022.0009'),
(2487,6,46,'FP.2022.0009'),
(2488,7,61,'FP.2022.0009'),
(2489,8,62,'FP.2022.0009'),
(2490,9,33,'FP.2022.0009'),
(2491,10,23,'FP.2022.0009'),
(2493,1,31,'FP.2022.0010'),
(2494,2,20,'FP.2022.0010'),
(2495,3,44,'FP.2022.0010'),
(2496,4,40,'FP.2022.0010'),
(2497,5,36,'FP.2022.0010'),
(2498,6,41,'FP.2022.0010'),
(2499,7,57,'FP.2022.0010'),
(2500,8,56,'FP.2022.0010'),
(2501,9,50,'FP.2022.0010'),
(2502,10,20,'FP.2022.0010'),
(452,12,43,'FP.2021.0001'),
(2505,12,41,'FP.2021.0002'),
(2506,12,42,'FP.2021.0003'),
(2507,12,51,'FP.2021.0004'),
(2508,12,25,'FP.2021.0005'),
(2509,12,38,'FP.2021.0006'),
(2510,12,37,'FP.2021.0007'),
(2511,12,45,'FP.2021.0008'),
(2512,12,45,'FP.2021.0009'),
(2513,12,32,'FP.2021.0010'),
(2514,12,25,'FP.2021.0011'),
(2515,12,66,'FP.2021.0012'),
(2516,12,67,'FP.2021.0013'),
(2517,12,59,'FP.2021.0014'),
(2518,12,28,'FP.2021.0015'),
(2519,12,29,'FP.2021.0016'),
(2520,12,40,'FP.2021.0017'),
(2521,12,29,'FP.2021.0018'),
(2522,12,34,'FP.2021.0019'),
(2523,12,40,'FP.2021.0020'),
(2524,12,48,'FP.2021.0021'),
(2525,12,66,'FP.2021.0022'),
(2526,12,60,'FP.2021.0023'),
(2527,12,57,'FP.2021.0024'),
(2528,12,74,'FP.2021.0025'),
(2529,12,32,'FP.2021.0026'),
(2530,12,59,'FP.2021.0027'),
(2531,12,56,'FP.2021.0028'),
(2532,12,25,'FP.2021.0029'),
(2533,12,25,'FP.2021.0030'),
(2534,12,62,'FP.2021.0031'),
(2535,12,73,'FP.2022.0001'),
(2536,12,54,'FP.2022.0002'),
(2537,12,69,'FP.2022.0003'),
(2538,12,56,'FP.2022.0004'),
(2539,12,67,'FP.2022.0005'),
(2540,12,34,'FP.2022.0006'),
(2541,12,62,'FP.2022.0007'),
(2542,12,28,'FP.2022.0008'),
(2543,12,65,'FP.2022.0009'),
(2544,12,31,'FP.2022.0010'),
(493,11,29,'FP.2021.0001'),
(2568,11,73,'FP.2021.0002'),
(2569,11,40,'FP.2021.0003'),
(2570,11,37,'FP.2021.0004'),
(2571,11,57,'FP.2021.0005'),
(2572,11,30,'FP.2021.0006'),
(2573,11,43,'FP.2021.0007'),
(2574,11,54,'FP.2021.0008'),
(2575,11,66,'FP.2021.0009'),
(2576,11,50,'FP.2021.0010'),
(2577,11,51,'FP.2021.0011'),
(2578,11,72,'FP.2021.0012'),
(2579,11,25,'FP.2021.0013'),
(2580,11,70,'FP.2021.0014'),
(2581,11,34,'FP.2021.0015'),
(2582,11,48,'FP.2021.0016'),
(2583,11,34,'FP.2021.0017'),
(2584,11,63,'FP.2021.0018'),
(2585,11,26,'FP.2021.0019'),
(2586,11,65,'FP.2021.0020'),
(2587,11,47,'FP.2021.0021'),
(2588,11,27,'FP.2021.0022'),
(2589,11,72,'FP.2021.0023'),
(2590,11,72,'FP.2021.0024'),
(2591,11,36,'FP.2021.0025'),
(2592,11,64,'FP.2021.0026'),
(2593,11,67,'FP.2021.0027'),
(2594,11,39,'FP.2021.0028'),
(2595,11,43,'FP.2021.0029'),
(2596,11,63,'FP.2021.0030'),
(2597,11,51,'FP.2021.0031'),
(2598,11,32,'FP.2022.0001'),
(2599,11,46,'FP.2022.0002'),
(2600,11,46,'FP.2022.0003'),
(2601,11,56,'FP.2022.0004'),
(2602,11,63,'FP.2022.0005'),
(2603,11,63,'FP.2022.0006'),
(2604,11,63,'FP.2022.0007'),
(2605,11,70,'FP.2022.0008'),
(2606,11,40,'FP.2022.0009'),
(2607,11,74,'FP.2022.0010'),
(2608,0,0,'');

/*Table structure for table `supplier` */

DROP TABLE IF EXISTS `supplier`;

CREATE TABLE `supplier` (
  `id` int(3) NOT NULL AUTO_INCREMENT,
  `supplier` char(30) NOT NULL DEFAULT '',
  `alamat` char(200) NOT NULL DEFAULT '',
  `telp` char(12) NOT NULL DEFAULT '',
  `cp` char(25) NOT NULL DEFAULT '',
  KEY `id` (`id`)
) ENGINE=InnoDB AUTO_INCREMENT=4 DEFAULT CHARSET=latin1;

/*Data for the table `supplier` */

insert  into `supplier`(`id`,`supplier`,`alamat`,`telp`,`cp`) values 
(1,'Indo Grosir','Jl. Perintis Kemerdekaan KM.18, Pai, Biring Kanaya, Kota Makassar, Sulawesi Selatan 90242','0411-8954848','Dian'),
(2,'Toko Aninidita','Maros','0853-9758-39',' Fitri'),
(3,'Anugrah Sembako','Maros','081134408732','Rusdi');

/*Table structure for table `dtbeli` */

DROP TABLE IF EXISTS `dtbeli`;

/*!50001 DROP VIEW IF EXISTS `dtbeli` */;
/*!50001 DROP TABLE IF EXISTS `dtbeli` */;

/*!50001 CREATE TABLE  `dtbeli`(
 `id` int(5) ,
 `notabeli` char(15) ,
 `idbahan` int(2) ,
 `beli` decimal(8,2) ,
 `bahan` char(20) ,
 `satuan` char(10) ,
 `tgl` date ,
 `ftgl` varchar(10) ,
 `supplier` char(30) 
)*/;

/*Table structure for table `dtproduksi` */

DROP TABLE IF EXISTS `dtproduksi`;

/*!50001 DROP VIEW IF EXISTS `dtproduksi` */;
/*!50001 DROP TABLE IF EXISTS `dtproduksi` */;

/*!50001 CREATE TABLE  `dtproduksi`(
 `id` int(2) ,
 `tgl` date ,
 `notaproduksi` char(15) ,
 `ftgl` varchar(10) ,
 `ftgl1` varchar(10) ,
 `produksi` int(3) ,
 `produk` char(40) ,
 `satuan` char(15) 
)*/;

/*Table structure for table `maks` */

DROP TABLE IF EXISTS `maks`;

/*!50001 DROP VIEW IF EXISTS `maks` */;
/*!50001 DROP TABLE IF EXISTS `maks` */;

/*!50001 CREATE TABLE  `maks`(
 `id` int(3) ,
 `idproduk` int(3) ,
 `notaproduksi` char(15) ,
 `produksi` int(3) ,
 `idbahan` int(3) ,
 `produk` char(40) ,
 `bahan` char(20) ,
 `satuanproduk` char(15) ,
 `satuanbahan` varchar(10) ,
 `komposisi` decimal(8,2) ,
 `pakai` decimal(18,2) ,
 `tgl` date ,
 `ftgl` varchar(10) ,
 `jpakai` decimal(41,2) ,
 `fjpakai` varchar(94) ,
 `maks` decimal(41,2) ,
 `rata` decimal(42,2) 
)*/;

/*Table structure for table `pakai` */

DROP TABLE IF EXISTS `pakai`;

/*!50001 DROP VIEW IF EXISTS `pakai` */;
/*!50001 DROP TABLE IF EXISTS `pakai` */;

/*!50001 CREATE TABLE  `pakai`(
 `id` int(3) ,
 `idproduk` int(3) ,
 `notaproduksi` char(15) ,
 `produksi` int(3) ,
 `idbahan` int(3) ,
 `produk` char(40) ,
 `bahan` char(20) ,
 `satuanproduk` char(15) ,
 `satuanbahan` char(10) ,
 `komposisi` decimal(8,2) ,
 `pakai` decimal(18,2) ,
 `tgl` date ,
 `ftgl` varchar(10) 
)*/;

/*Table structure for table `totpakai` */

DROP TABLE IF EXISTS `totpakai`;

/*!50001 DROP VIEW IF EXISTS `totpakai` */;
/*!50001 DROP TABLE IF EXISTS `totpakai` */;

/*!50001 CREATE TABLE  `totpakai`(
 `id` int(3) ,
 `idproduk` int(3) ,
 `notaproduksi` char(15) ,
 `produksi` int(3) ,
 `idbahan` int(3) ,
 `produk` char(40) ,
 `bahan` char(20) ,
 `satuanproduk` char(15) ,
 `satuanbahan` varchar(10) ,
 `komposisi` decimal(8,2) ,
 `pakai` decimal(18,2) ,
 `tgl` date ,
 `ftgl` varchar(10) ,
 `jpakai` decimal(41,2) ,
 `fjpakai` varchar(94) 
)*/;

/*Table structure for table `vbahan` */

DROP TABLE IF EXISTS `vbahan`;

/*!50001 DROP VIEW IF EXISTS `vbahan` */;
/*!50001 DROP TABLE IF EXISTS `vbahan` */;

/*!50001 CREATE TABLE  `vbahan`(
 `id` int(2) ,
 `bahan` char(20) ,
 `satuan` char(10) ,
 `stok` decimal(10,2) ,
 `beli` decimal(10,2) ,
 `pakai` decimal(10,2) ,
 `akhir` decimal(10,2) ,
 `fsatuan` varchar(10) ,
 `fakhir` decimal(11,2) 
)*/;

/*Table structure for table `vbeli` */

DROP TABLE IF EXISTS `vbeli`;

/*!50001 DROP VIEW IF EXISTS `vbeli` */;
/*!50001 DROP TABLE IF EXISTS `vbeli` */;

/*!50001 CREATE TABLE  `vbeli`(
 `id` int(5) ,
 `notabeli` char(15) ,
 `idbahan` int(2) ,
 `beli` decimal(8,2) ,
 `bahan` char(20) ,
 `satuan` char(10) 
)*/;

/*Table structure for table `vkomposisi` */

DROP TABLE IF EXISTS `vkomposisi`;

/*!50001 DROP VIEW IF EXISTS `vkomposisi` */;
/*!50001 DROP TABLE IF EXISTS `vkomposisi` */;

/*!50001 CREATE TABLE  `vkomposisi`(
 `id` int(11) ,
 `idbahan` int(3) ,
 `idproduk` int(3) ,
 `komposisi` decimal(8,2) ,
 `bahan` char(20) ,
 `satuanbahan` char(10) ,
 `satuanproduk` char(15) ,
 `produk` char(40) 
)*/;

/*Table structure for table `vnotabeli` */

DROP TABLE IF EXISTS `vnotabeli`;

/*!50001 DROP VIEW IF EXISTS `vnotabeli` */;
/*!50001 DROP TABLE IF EXISTS `vnotabeli` */;

/*!50001 CREATE TABLE  `vnotabeli`(
 `id` int(3) ,
 `notabeli` char(15) ,
 `idsupplier` int(3) ,
 `tgl` date ,
 `ftgl` varchar(10) ,
 `ftgl1` varchar(10) ,
 `supplier` char(30) ,
 `alamat` char(200) ,
 `telp` char(12) ,
 `cp` char(25) 
)*/;

/*Table structure for table `vnotaproduksi` */

DROP TABLE IF EXISTS `vnotaproduksi`;

/*!50001 DROP VIEW IF EXISTS `vnotaproduksi` */;
/*!50001 DROP TABLE IF EXISTS `vnotaproduksi` */;

/*!50001 CREATE TABLE  `vnotaproduksi`(
 `id` int(2) ,
 `tgl` date ,
 `notaproduksi` char(15) ,
 `ftgl` varchar(10) ,
 `ftgl1` varchar(10) 
)*/;

/*Table structure for table `vproduksi` */

DROP TABLE IF EXISTS `vproduksi`;

/*!50001 DROP VIEW IF EXISTS `vproduksi` */;
/*!50001 DROP TABLE IF EXISTS `vproduksi` */;

/*!50001 CREATE TABLE  `vproduksi`(
 `id` int(3) ,
 `idproduk` int(3) ,
 `produksi` int(3) ,
 `notaproduksi` char(15) ,
 `produk` char(40) ,
 `satuan` char(15) 
)*/;

/*View structure for view dtbeli */

/*!50001 DROP TABLE IF EXISTS `dtbeli` */;
/*!50001 DROP VIEW IF EXISTS `dtbeli` */;

/*!50001 CREATE ALGORITHM=UNDEFINED DEFINER=`root`@`localhost` SQL SECURITY DEFINER VIEW `dtbeli` AS select `vbeli`.`id` AS `id`,`vbeli`.`notabeli` AS `notabeli`,`vbeli`.`idbahan` AS `idbahan`,`vbeli`.`beli` AS `beli`,`vbeli`.`bahan` AS `bahan`,`vbeli`.`satuan` AS `satuan`,`vnotabeli`.`tgl` AS `tgl`,`vnotabeli`.`ftgl` AS `ftgl`,`vnotabeli`.`supplier` AS `supplier` from (`vbeli` join `vnotabeli` on((`vbeli`.`notabeli` = `vnotabeli`.`notabeli`))) */;

/*View structure for view dtproduksi */

/*!50001 DROP TABLE IF EXISTS `dtproduksi` */;
/*!50001 DROP VIEW IF EXISTS `dtproduksi` */;

/*!50001 CREATE ALGORITHM=UNDEFINED DEFINER=`root`@`localhost` SQL SECURITY DEFINER VIEW `dtproduksi` AS select `vnotaproduksi`.`id` AS `id`,`vnotaproduksi`.`tgl` AS `tgl`,`vnotaproduksi`.`notaproduksi` AS `notaproduksi`,`vnotaproduksi`.`ftgl` AS `ftgl`,`vnotaproduksi`.`ftgl1` AS `ftgl1`,`vproduksi`.`produksi` AS `produksi`,`vproduksi`.`produk` AS `produk`,`vproduksi`.`satuan` AS `satuan` from (`vproduksi` join `vnotaproduksi` on((`vproduksi`.`notaproduksi` = `vnotaproduksi`.`notaproduksi`))) */;

/*View structure for view maks */

/*!50001 DROP TABLE IF EXISTS `maks` */;
/*!50001 DROP VIEW IF EXISTS `maks` */;

/*!50001 CREATE ALGORITHM=UNDEFINED DEFINER=`root`@`localhost` SQL SECURITY DEFINER VIEW `maks` AS select `totpakai`.`id` AS `id`,`totpakai`.`idproduk` AS `idproduk`,`totpakai`.`notaproduksi` AS `notaproduksi`,`totpakai`.`produksi` AS `produksi`,`totpakai`.`idbahan` AS `idbahan`,`totpakai`.`produk` AS `produk`,`totpakai`.`bahan` AS `bahan`,`totpakai`.`satuanproduk` AS `satuanproduk`,`totpakai`.`satuanbahan` AS `satuanbahan`,`totpakai`.`komposisi` AS `komposisi`,`totpakai`.`pakai` AS `pakai`,`totpakai`.`tgl` AS `tgl`,`totpakai`.`ftgl` AS `ftgl`,`totpakai`.`jpakai` AS `jpakai`,`totpakai`.`fjpakai` AS `fjpakai`,round(max(`totpakai`.`jpakai`),2) AS `maks`,round(avg(`totpakai`.`jpakai`),2) AS `rata` from `totpakai` group by `totpakai`.`idbahan` order by `totpakai`.`bahan` */;

/*View structure for view pakai */

/*!50001 DROP TABLE IF EXISTS `pakai` */;
/*!50001 DROP VIEW IF EXISTS `pakai` */;

/*!50001 CREATE ALGORITHM=UNDEFINED DEFINER=`root`@`localhost` SQL SECURITY DEFINER VIEW `pakai` AS select `produksi`.`id` AS `id`,`produksi`.`idproduk` AS `idproduk`,`produksi`.`notaproduksi` AS `notaproduksi`,`produksi`.`produksi` AS `produksi`,`vkomposisi`.`idbahan` AS `idbahan`,`vkomposisi`.`produk` AS `produk`,`vkomposisi`.`bahan` AS `bahan`,`vkomposisi`.`satuanproduk` AS `satuanproduk`,`vkomposisi`.`satuanbahan` AS `satuanbahan`,`vkomposisi`.`komposisi` AS `komposisi`,(`vkomposisi`.`komposisi` * `produksi`.`produksi`) AS `pakai`,`notaproduksi`.`tgl` AS `tgl`,date_format(`notaproduksi`.`tgl`,'%d-%m-%Y') AS `ftgl` from ((`produksi` join `vkomposisi` on((`produksi`.`idproduk` = `vkomposisi`.`idproduk`))) join `notaproduksi` on((trim(`produksi`.`notaproduksi`) = trim(`notaproduksi`.`notaproduksi`)))) */;

/*View structure for view totpakai */

/*!50001 DROP TABLE IF EXISTS `totpakai` */;
/*!50001 DROP VIEW IF EXISTS `totpakai` */;

/*!50001 CREATE ALGORITHM=UNDEFINED DEFINER=`root`@`localhost` SQL SECURITY DEFINER VIEW `totpakai` AS select `pakai`.`id` AS `id`,`pakai`.`idproduk` AS `idproduk`,`pakai`.`notaproduksi` AS `notaproduksi`,`pakai`.`produksi` AS `produksi`,`pakai`.`idbahan` AS `idbahan`,`pakai`.`produk` AS `produk`,`pakai`.`bahan` AS `bahan`,`pakai`.`satuanproduk` AS `satuanproduk`,if((`pakai`.`satuanbahan` = 'Gram'),'Kg',if((`pakai`.`satuanbahan` = 'Cc'),'Liter',if((`pakai`.`satuanbahan` = 'Ml'),'Liter',`pakai`.`satuanbahan`))) AS `satuanbahan`,`pakai`.`komposisi` AS `komposisi`,`pakai`.`pakai` AS `pakai`,`pakai`.`tgl` AS `tgl`,`pakai`.`ftgl` AS `ftgl`,round(if(((`pakai`.`satuanbahan` = 'Gram') or (`pakai`.`satuanbahan` = 'Ml') or (`pakai`.`satuanbahan` = 'Cc')),(sum(`pakai`.`pakai`) / 100),sum(`pakai`.`pakai`)),2) AS `jpakai`,format(if(((`pakai`.`satuanbahan` = 'Gram') or (`pakai`.`satuanbahan` = 'Ml') or (`pakai`.`satuanbahan` = 'Cc')),(sum(`pakai`.`pakai`) / 100),sum(`pakai`.`pakai`)),2) AS `fjpakai` from `pakai` group by `pakai`.`notaproduksi`,`pakai`.`idbahan` */;

/*View structure for view vbahan */

/*!50001 DROP TABLE IF EXISTS `vbahan` */;
/*!50001 DROP VIEW IF EXISTS `vbahan` */;

/*!50001 CREATE ALGORITHM=UNDEFINED DEFINER=`root`@`localhost` SQL SECURITY DEFINER VIEW `vbahan` AS select `bahan`.`id` AS `id`,`bahan`.`bahan` AS `bahan`,`bahan`.`satuan` AS `satuan`,`bahan`.`stok` AS `stok`,`bahan`.`beli` AS `beli`,`bahan`.`pakai` AS `pakai`,`bahan`.`akhir` AS `akhir`,if((`bahan`.`satuan` = 'Gram'),'Kg',if((`bahan`.`satuan` = 'Cc'),'Liter',if((`bahan`.`satuan` = 'Ml'),'Liter',`bahan`.`satuan`))) AS `fsatuan`,round(if(((`bahan`.`satuan` = 'Gram') or (`bahan`.`satuan` = 'Cc')),(`bahan`.`akhir` / 1000),if((`bahan`.`satuan` = 'Ml'),(`bahan`.`akhir` / 1000),`bahan`.`akhir`)),2) AS `fakhir` from `bahan` */;

/*View structure for view vbeli */

/*!50001 DROP TABLE IF EXISTS `vbeli` */;
/*!50001 DROP VIEW IF EXISTS `vbeli` */;

/*!50001 CREATE ALGORITHM=UNDEFINED DEFINER=`root`@`localhost` SQL SECURITY DEFINER VIEW `vbeli` AS select `beli`.`id` AS `id`,`beli`.`notabeli` AS `notabeli`,`beli`.`idbahan` AS `idbahan`,`beli`.`beli` AS `beli`,`bahan`.`bahan` AS `bahan`,`bahan`.`satuan` AS `satuan` from (`beli` join `bahan` on((`beli`.`idbahan` = `bahan`.`id`))) */;

/*View structure for view vkomposisi */

/*!50001 DROP TABLE IF EXISTS `vkomposisi` */;
/*!50001 DROP VIEW IF EXISTS `vkomposisi` */;

/*!50001 CREATE ALGORITHM=UNDEFINED DEFINER=`root`@`localhost` SQL SECURITY DEFINER VIEW `vkomposisi` AS select `komposisi`.`id` AS `id`,`komposisi`.`idbahan` AS `idbahan`,`komposisi`.`idproduk` AS `idproduk`,`komposisi`.`komposisi` AS `komposisi`,`bahan`.`bahan` AS `bahan`,`bahan`.`satuan` AS `satuanbahan`,`produk`.`satuan` AS `satuanproduk`,`produk`.`produk` AS `produk` from ((`komposisi` join `bahan` on((`komposisi`.`idbahan` = `bahan`.`id`))) join `produk` on((`komposisi`.`idproduk` = `produk`.`id`))) */;

/*View structure for view vnotabeli */

/*!50001 DROP TABLE IF EXISTS `vnotabeli` */;
/*!50001 DROP VIEW IF EXISTS `vnotabeli` */;

/*!50001 CREATE ALGORITHM=UNDEFINED DEFINER=`root`@`localhost` SQL SECURITY DEFINER VIEW `vnotabeli` AS select `notabeli`.`id` AS `id`,`notabeli`.`notabeli` AS `notabeli`,`notabeli`.`idsupplier` AS `idsupplier`,`notabeli`.`tgl` AS `tgl`,date_format(`notabeli`.`tgl`,'%d-%m-%Y') AS `ftgl`,date_format(`notabeli`.`tgl`,'%m-%d-%Y') AS `ftgl1`,`supplier`.`supplier` AS `supplier`,`supplier`.`alamat` AS `alamat`,`supplier`.`telp` AS `telp`,`supplier`.`cp` AS `cp` from (`notabeli` join `supplier` on((`notabeli`.`idsupplier` = `supplier`.`id`))) */;

/*View structure for view vnotaproduksi */

/*!50001 DROP TABLE IF EXISTS `vnotaproduksi` */;
/*!50001 DROP VIEW IF EXISTS `vnotaproduksi` */;

/*!50001 CREATE ALGORITHM=UNDEFINED DEFINER=`root`@`localhost` SQL SECURITY DEFINER VIEW `vnotaproduksi` AS select `notaproduksi`.`id` AS `id`,`notaproduksi`.`tgl` AS `tgl`,`notaproduksi`.`notaproduksi` AS `notaproduksi`,date_format(`notaproduksi`.`tgl`,'%d-%m-%Y') AS `ftgl`,date_format(`notaproduksi`.`tgl`,'%m-%d-%Y') AS `ftgl1` from `notaproduksi` */;

/*View structure for view vproduksi */

/*!50001 DROP TABLE IF EXISTS `vproduksi` */;
/*!50001 DROP VIEW IF EXISTS `vproduksi` */;

/*!50001 CREATE ALGORITHM=UNDEFINED DEFINER=`root`@`localhost` SQL SECURITY DEFINER VIEW `vproduksi` AS select `produksi`.`id` AS `id`,`produksi`.`idproduk` AS `idproduk`,`produksi`.`produksi` AS `produksi`,`produksi`.`notaproduksi` AS `notaproduksi`,`produk`.`produk` AS `produk`,`produk`.`satuan` AS `satuan` from (`produksi` join `produk` on((`produksi`.`idproduk` = `produk`.`id`))) */;

/*!40101 SET SQL_MODE=@OLD_SQL_MODE */;
/*!40014 SET FOREIGN_KEY_CHECKS=@OLD_FOREIGN_KEY_CHECKS */;
/*!40014 SET UNIQUE_CHECKS=@OLD_UNIQUE_CHECKS */;
/*!40111 SET SQL_NOTES=@OLD_SQL_NOTES */;
